{
    "89.168.108.50": [
        {
            "ssh_user": "root",
            "ssh_pass": "GAAMtA4Wx))",
            "name": "serv1",
            "country": "Germany",
            "city": "Frankfurt am Main",
            "regionName": "Hesse",
            "flag": "\ud83c\udde9\ud83c\uddea",
            "code": "G2",
            "org": "Oracle Cloud Infrastructure (eu-frankfurt-1)",
            "timezone": "Europe/Berlin",
            "hosting": true,
            "proxy": false,
            "vpn": false,
            "status": "test",
            "slots": 0,
            "api_url": "http://89.168.108.50:8000",
            "api_token": "v3rY$tr0ng&$3cr3tK3y!2025*#1@!",
            "deleted_at": "2025-12-06T18:41:31.486801"
        }
    ]
}