{
    "127.0.0.1": {
        "name": "G.Frankfurt 1",
        "country": "Germany",
        "city": "Frankfurt",
        "flag": "🇩🇪",
        "code": "G1",
        "status": "true",
        "slots": 61,
        "ssh_user": "root",
        "ssh_pass": "GAAMtA4Wx))",
        "api_url": "http://127.0.0.1:8000",
        "api_token": "v3rY$tr0ng&$3cr3tK3y!2025",
        "regionName": "N/A",
        "org": "N/A",
        "timezone": "N/A",
        "hosting": false,
        "proxy": false,
        "vpn": false
    },
    "89.168.108.50": {
        "ssh_user": "root",
        "ssh_pass": "GAAMtA4Wx))",
        "name": "serv1",
        "country": "Germany",
        "city": "Frankfurt am Main",
        "regionName": "Hesse",
        "flag": "🇩🇪",
        "code": "G2",
        "org": "Oracle Cloud Infrastructure (eu-frankfurt-1)",
        "timezone": "Europe/Berlin",
        "hosting": true,
        "proxy": false,
        "vpn": false,
        "status": "true",
        "slots": 50,
        "api_url": "http://89.168.108.50:8000",
        "api_token": "v3rY$tr0ng&$3cr3tK3y!2025"
    }
}