-- MySQL dump 10.13  Distrib 8.0.44, for Linux (x86_64)
--
-- Host: localhost    Database: teahost
-- ------------------------------------------------------
-- Server version	8.0.44-0ubuntu0.22.04.1

/*!40101 SET @OLD_CHARACTER_SET_CLIENT=@@CHARACTER_SET_CLIENT */;
/*!40101 SET @OLD_CHARACTER_SET_RESULTS=@@CHARACTER_SET_RESULTS */;
/*!40101 SET @OLD_COLLATION_CONNECTION=@@COLLATION_CONNECTION */;
/*!50503 SET NAMES utf8mb4 */;
/*!40103 SET @OLD_TIME_ZONE=@@TIME_ZONE */;
/*!40103 SET TIME_ZONE='+00:00' */;
/*!40014 SET @OLD_UNIQUE_CHECKS=@@UNIQUE_CHECKS, UNIQUE_CHECKS=0 */;
/*!40014 SET @OLD_FOREIGN_KEY_CHECKS=@@FOREIGN_KEY_CHECKS, FOREIGN_KEY_CHECKS=0 */;
/*!40101 SET @OLD_SQL_MODE=@@SQL_MODE, SQL_MODE='NO_AUTO_VALUE_ON_ZERO' */;
/*!40111 SET @OLD_SQL_NOTES=@@SQL_NOTES, SQL_NOTES=0 */;

--
-- Table structure for table `auth`
--

DROP TABLE IF EXISTS `auth`;
/*!40101 SET @saved_cs_client     = @@character_set_client */;
/*!50503 SET character_set_client = utf8mb4 */;
CREATE TABLE `auth` (
  `tg_user_id` bigint NOT NULL,
  `username` text COLLATE utf8mb4_unicode_ci,
  `password` text COLLATE utf8mb4_unicode_ci,
  PRIMARY KEY (`tg_user_id`)
) ENGINE=InnoDB DEFAULT CHARSET=utf8mb4 COLLATE=utf8mb4_unicode_ci;
/*!40101 SET character_set_client = @saved_cs_client */;

--
-- Dumping data for table `auth`
--

LOCK TABLES `auth` WRITE;
/*!40000 ALTER TABLE `auth` DISABLE KEYS */;
INSERT INTO `auth` VALUES (113384090,'ub113384090','QoucjWvoWzGm8xyt'),(604437083,'ub604437083','agxbtlVrVdbPXO7i'),(734940228,'ub734940228','0m8xB1QH6kPM23GA'),(740280481,'ub740280481','lHDlV55gFXhqP4gm'),(766967361,'ub766967361','mhqc2l0a0fhThFqm'),(772969727,'ub772969727','N4sPH5bylha9yhAD'),(812877930,'ub812877930','CPaQsWuRZHFPn1qU'),(824843986,'ub824843986','yTkkIzKvREZDP9Jy'),(853569105,'ub853569105','iOZSnmIlsnF1iInt'),(867995626,'ub867995626','sxcVFI9nbs5V2UPM'),(915670914,'ub915670914','eYupK7Vg5hFTXPpa'),(961504576,'ub961504576','B6ybZT8cVWnilKCb'),(1084116847,'ub1084116847','t6Vv3JHcrfafQ0Qc'),(1180547624,'ub1180547624','aoU8wPHDRnJIhbXX'),(1201543071,'ub1201543071','ILQ2TWV6CTLDN8aK'),(1244114904,'ub1244114904','OnwWqxy9bc9mINf7'),(1342753940,'ub1342753940','aU75rIFArNVYdshf'),(1399154743,'ub1399154743','TobxMsQClQZAkaA0'),(1422977618,'ub1422977618','OiNk7PutoQeTg6A9'),(1738881388,'ub1738881388','eXP0Re3jMn21EgE9'),(1742648077,'ub1742648077','4NjjIzFiqusUd8Iy'),(1863611627,'ub1863611627','vTtJAKU3nvXTVani'),(1891722582,'ub1891722582','vAdcNZMmBynY6qMP'),(1989732383,'ub1989732383','WPzz1WrBQotlc99s'),(2040963519,'ub2040963519','jCRVhpULtau2fHr3'),(5025951301,'ub5025951301','UlX16Ik1ygWJgzCV'),(5119666319,'ub5119666319','ORX9sjytj87sgudG'),(5213277052,'ub5213277052','LwBsdxvxBHMeqvF2'),(5237169900,'ub5237169900','zfXbALxSVQAgk6kE'),(5261650590,'ub5261650590','jbcmWVTSiW3Hn1ri'),(5283100992,'ub5283100992','scvuBh6TUrAgkpd2'),(5341000884,'ub5341000884','IMwjGAt13lmxfitg'),(5506633170,'ub5506633170','fTtKBvezFZe4i5Ty'),(5567802713,'ub5567802713','y3VXxYwn0mrZw0h4'),(5622466646,'ub5622466646','KntAOMFeoiCOzfzA'),(5662645440,'ub5662645440','hPqiw7Jg8uGFVNmR'),(5754471909,'ub5754471909','rU9xNq79LxAI8Hqw'),(5801754918,'ub5801754918','H9PNSClYNfVPQ2rL'),(5906606905,'ub5906606905','ZPvkDwhQ26d0uUqh'),(5911523601,'ub5911523601','fIn8D9uQmCmlWNkJ'),(5924359761,'ub5924359761','46KrPptMKljeQOpn'),(5941415177,'ub5941415177','WT1MSUqv6aKdyp4D'),(5973589892,'ub5973589892','QHsUd0VgtAC9mOf5'),(6020965582,'ub6020965582','YAlhXWBgYInITRtk'),(6036593342,'ub6036593342','aeSMzWgveXzyuywi'),(6169359403,'ub6169359403','GXQCasWBiNkcPl61'),(6188190329,'ub6188190329','iTGO08oK9hfbFoqh'),(6204024154,'ub6204024154','hzBd2XjTYlKgmY8B'),(6328237232,'ub6328237232','hDdEN1PDtxRzK4lE'),(6408110132,'ub6408110132','Lqw3Am54Ofb1HXMh'),(6409706997,'ub6409706997','LFni0aQMKW55hb3p'),(6421914854,'ub6421914854','TKo0qojNVqaJ3TDB'),(6447997589,'ub6447997589','EPu0PnGyZ3i7snrM'),(6457066746,'ub6457066746','l6YN1RYcP6nxtIRW'),(6463195623,'ub6463195623','KbNEdBX7Be2ebd1X'),(6479608467,'ub6479608467','RUxbwCD08FmP8z1y'),(6489892269,'ub6489892269','PW5Yy1F1TtrcyJ2O'),(6606581855,'ub6606581855','QEXffyGK7hzvu3w1'),(6609737024,'ub6609737024','MWp9rkOmeovNf9ju'),(6609899176,'ub6609899176','ABLx2nc5MQUNtJMm'),(6610444630,'ub6610444630','WNS5eMfaG3XQYOH7'),(6617875834,'ub6617875834','HpLWBX2qo6y8Wge1'),(6680947309,'ub6680947309','xYS2tW5HmanKQvku'),(6832985197,'ub6832985197','sSjQtxraeKqAB9ol'),(6837851698,'ub6837851698','vICRd4DxTYhyeinu'),(6874536138,'ub6874536138','PPebSlZsP7EUQxDL'),(6890242569,'ub6890242569','wDWdBOeYZ2Ox9zFb'),(6903684402,'ub6903684402','Uz7uog7ALKX03IuW'),(6938841786,'ub6938841786','AQjJzwcgRtF5oamM'),(7006696044,'ub7006696044','Rf1e9vsBAxdeKSjf'),(7009829631,'ub7009829631','7es1syeJivBaRqe6'),(7022907773,'ub7022907773','koFKsJTnXcJRuluZ'),(7048255814,'ub7048255814','B08XcjH2chvI17IP'),(7059136488,'ub7059136488','sbLZGVKhJ8GGf3lF'),(7067117263,'ub7067117263','vn7Q6TIIDI7MZhnI'),(7069083460,'ub7069083460','8CQ73WfmXmGqIXCv'),(7096725222,'ub7096725222','W1qPq5oZsefb8J39'),(7123621276,'ub7123621276','gzwv2Pn8wkYhmz63'),(7140810567,'ub7140810567','YEVzpmQJ8PRqloDg'),(7145117452,'ub7145117452','trZvnMEk3eFykh5B'),(7152352452,'ub7152352452','Z5kf885gvK5J5fGx'),(7179828192,'ub7179828192','esqvRSysWy3G0qr1'),(7217187199,'ub7217187199','urvpYEbMxHr1vmDF'),(7235277658,'ub7235277658','RwMpu5PejX9f1KXx'),(7331313760,'ub7331313760','5RTLcJaNSvysIliQ'),(7345823423,'ub7345823423','IrhdvRlHNCKeqPaQ'),(7435209057,'ub7435209057','W6TzzPMjHrCbxLt7'),(7467472235,'ub7467472235','PYifKoXXUQ36ODqH'),(7506417148,'ub7506417148','RBeGIrGRGCWRAJQb'),(7518868370,'ub7518868370','sVViJ8vL5EAO16ZA'),(7567083947,'ub7567083947','nvGzIE72Ehzr38aF'),(7574615355,'ub7574615355','WDAkG0X4W34cIlI2'),(7606681002,'ub7606681002','2Gip0mGdo9RPkP9x'),(7612510490,'ub7612510490','547beNQpqSY8SdKx'),(7613926862,'ub7613926862','ZiT8sU2C6zPSpn5l'),(7615671178,'ub7615671178','2seQc5LMKbYFeDap'),(7636170713,'ub7636170713','ZXYHl2Sn7BHjqBCB'),(7637097552,'ub7637097552','gDxKTQFMWGxfFFG2'),(7639555830,'ub7639555830','tIqhq3PsdZykm4Sy'),(7651269075,'ub7651269075','YEKEsriJJEMg1bMt'),(7672360568,'ub7672360568','nPg14CrnPOJ1nMTK'),(7675886586,'ub7675886586','zerO91BDELpJtinV'),(7698592539,'ub7698592539','zWci3Akhi8Ym8JDy'),(7717121903,'ub7717121903','nDa0O8L23gNzNVQQ'),(7719197368,'ub7719197368','eOApXQef7hLSASCV'),(7735155058,'ub7735155058','CoRvT9Ej1aM9HurS'),(7744838886,'ub7744838886','qUt5KWjxspIl6Csw'),(7764527142,'ub7764527142','G3lQpi24BDmMfzox'),(7769473132,'ub7769473132','YgKlZ01BDUOZBYPF'),(7792457663,'ub7792457663','97REtMeNbP3QR6kO'),(7803965384,'ub7803965384','kwlKVXneCNqSKjlq'),(7804322396,'ub7804322396','9tM5jlJAULlkvZhF'),(7822370920,'ub7822370920','eJMCeTKIwucHBTlr'),(7845768190,'ub7845768190','querQobLnmcGnzJc'),(7850726979,'ub7850726979','DAz6uEfZgrz1OP32'),(7865512021,'ub7865512021','3AM4PbutALzfJvDD'),(7868116959,'ub7868116959','go5QE3ZqP1jCcBnG'),(7873000105,'ub7873000105','u1h5G1QlVr1yKQ32'),(7873571090,'ub7873571090','UULbhGbFOvNhtSAK'),(7878264276,'ub7878264276','RHVWlXJwq37Nic5z'),(7899224931,'ub7899224931','0oMOSROSY5EE7DVn'),(7919260525,'ub7919260525','s7hd9lxpwcLqqBsW'),(7920611029,'ub7920611029','CGaVTwYyZ7oJPn1I'),(7931748946,'ub7931748946','bSbgRP0NFkLEK32P'),(7932930857,'ub7932930857','RX1pftUA60wAFOne'),(7938154342,'ub7938154342','Eeh0baD5Os0dzOuR'),(8001328426,'ub8001328426','oYLJBskxdgA0fBZz'),(8012916530,'ub8012916530','zP1HZSXMpLHhBhJW'),(8028597397,'ub8028597397','EVeyBU0llAet7zwv'),(8029598869,'ub8029598869','ChCCqHEcTpz46SRJ'),(8036527559,'ub8036527559','ZNlMA7RQ09YBjvWm'),(8037624215,'ub8037624215','7NkSyVHtRpoWe5Yz'),(8039023342,'ub8039023342','wOx49rYGFK1z1lk9'),(8041391519,'ub8041391519','NAEoRMXCreUCo5oD'),(8057513929,'ub8057513929','hJ1FtrJqupRvPWUr'),(8076594974,'ub8076594974','lg4IsvGC5HWM6sW1'),(8077791094,'ub8077791094','IfPKWAdWZLd8bzfj'),(8099030437,'ub8099030437','5aiCzOKA02PT1skd'),(8101535502,'ub8101535502','KjqZScg55OZ5Pivr'),(8124283820,'ub8124283820','XzQQ2j8Lkdsm6vIN'),(8127360249,'ub8127360249','Q18H9EYbkp1sSaFH'),(8148022895,'ub8148022895','RGAGjPknrWlk5u7U'),(8152271229,'ub8152271229','IUV88MAme3bHpTKp'),(8193013315,'ub8193013315','27qaWd82JVzEdfPZ'),(8213864087,'ub8213864087','0NjJGBMkQ0YBGPtE'),(8233173891,'ub8233173891','krfJtUEVkLRO5Q85'),(8240278968,'ub8240278968','eCxzWTFLMbvfQ2mv'),(8242915739,'ub8242915739','S1vXwvWcSWxhaFb6'),(8251888341,'ub8251888341','XHQI3b9TEM3lD0gy'),(8252477712,'ub8252477712','gNHFwGYnWLvncLJi'),(8262099275,'ub8262099275','NHaPa7ICng1SISa7'),(8285579114,'ub8285579114','iEAAgjsbMhFwtAtQ'),(8290877754,'ub8290877754','iEo6oEh062CwyncA'),(8301774337,'ub8301774337','k86XXRmog7Yxo8Z2'),(8302019092,'ub8302019092','qsVnxdXAwJarvFkB'),(8307935011,'ub8307935011','gZbu1pjg84Crj83M'),(8324901207,'ub8324901207','Y3WuFeU1KxnNAjQ8'),(8354550825,'ub8354550825','ywu2TfG3U5YWTolm'),(8354995042,'ub8354995042','glYkV0plKe8ixyIP'),(8377534880,'ub8377534880','rE4eHCzTAt2ottHn'),(8396150689,'ub8396150689','1qtOX3oM5agwwcLj'),(8405520863,'ub8405520863','ePpjdTf7XFLu4Arj'),(8434281248,'ub8434281248','m31tL5xNAeNrl2v4'),(8435042389,'ub8435042389','jquS595VpPAjcNyL'),(8436293719,'ub8436293719','4LkuNiWxxxSI3Tbb'),(8441475817,'ub8441475817','NgqZpWCVDWxBn0Xh'),(8456140762,'ub8456140762','qmLn3tvt1eTEqLEy'),(8462787991,'ub8462787991','vQhSmMydydQE2J5M'),(8469527454,'ub8469527454','UA9cNTAM8LtBTNEe'),(8474768740,'ub8474768740','3WtGOiOMQ2jlDQH1'),(8483983989,'ub8483983989','UYhqmlBLiUGyFdDy'),(8491717601,'ub8491717601','qwAPVwapsghdZ9iI'),(8495972865,'ub8495972865','4VCjzzJJ6EhbW62G'),(8502447330,'ub8502447330','cERUymFKuIWNUrgG'),(8502617286,'ub8502617286','AqeJPmqcbIo2DNyr'),(8509063472,'ub8509063472','SjZoafBxSWBI9Wj0'),(8572436281,'ub8572436281','ICrL8ZJiMCO396KY'),(8578698577,'ub8578698577','VvWWufwlPiIAYoNO');
/*!40000 ALTER TABLE `auth` ENABLE KEYS */;
UNLOCK TABLES;

--
-- Table structure for table `commit_votes`
--

DROP TABLE IF EXISTS `commit_votes`;
/*!40101 SET @saved_cs_client     = @@character_set_client */;
/*!50503 SET character_set_client = utf8mb4 */;
CREATE TABLE `commit_votes` (
  `commit_id` varchar(255) COLLATE utf8mb4_unicode_ci NOT NULL,
  `user_id` bigint NOT NULL,
  `vote_type` int NOT NULL,
  PRIMARY KEY (`commit_id`,`user_id`)
) ENGINE=InnoDB DEFAULT CHARSET=utf8mb4 COLLATE=utf8mb4_unicode_ci;
/*!40101 SET character_set_client = @saved_cs_client */;

--
-- Dumping data for table `commit_votes`
--

LOCK TABLES `commit_votes` WRITE;
/*!40000 ALTER TABLE `commit_votes` DISABLE KEYS */;
/*!40000 ALTER TABLE `commit_votes` ENABLE KEYS */;
UNLOCK TABLES;

--
-- Table structure for table `commits`
--

DROP TABLE IF EXISTS `commits`;
/*!40101 SET @saved_cs_client     = @@character_set_client */;
/*!50503 SET character_set_client = utf8mb4 */;
CREATE TABLE `commits` (
  `id` int NOT NULL AUTO_INCREMENT,
  `commit_id` varchar(255) COLLATE utf8mb4_unicode_ci NOT NULL,
  `admin_id` bigint NOT NULL,
  `admin_name` text COLLATE utf8mb4_unicode_ci NOT NULL,
  `admin_username` text COLLATE utf8mb4_unicode_ci,
  `commit_text` text COLLATE utf8mb4_unicode_ci NOT NULL,
  `created_at` datetime DEFAULT CURRENT_TIMESTAMP,
  PRIMARY KEY (`id`),
  UNIQUE KEY `commit_id` (`commit_id`),
  KEY `created_at` (`created_at`)
) ENGINE=InnoDB DEFAULT CHARSET=utf8mb4 COLLATE=utf8mb4_unicode_ci;
/*!40101 SET character_set_client = @saved_cs_client */;

--
-- Dumping data for table `commits`
--

LOCK TABLES `commits` WRITE;
/*!40000 ALTER TABLE `commits` DISABLE KEYS */;
/*!40000 ALTER TABLE `commits` ENABLE KEYS */;
UNLOCK TABLES;

--
-- Table structure for table `referrals`
--

DROP TABLE IF EXISTS `referrals`;
/*!40101 SET @saved_cs_client     = @@character_set_client */;
/*!50503 SET character_set_client = utf8mb4 */;
CREATE TABLE `referrals` (
  `id` int NOT NULL AUTO_INCREMENT,
  `ref_name` varchar(50) COLLATE utf8mb4_unicode_ci NOT NULL,
  `created_at` timestamp NULL DEFAULT CURRENT_TIMESTAMP,
  `total_activations` int DEFAULT '0',
  `activated_users` text COLLATE utf8mb4_unicode_ci,
  `created_by_admin_id` bigint DEFAULT NULL,
  PRIMARY KEY (`id`),
  UNIQUE KEY `ref_name` (`ref_name`),
  KEY `idx_ref_name` (`ref_name`)
) ENGINE=InnoDB DEFAULT CHARSET=utf8mb4 COLLATE=utf8mb4_unicode_ci;
/*!40101 SET character_set_client = @saved_cs_client */;

--
-- Dumping data for table `referrals`
--

LOCK TABLES `referrals` WRITE;
/*!40000 ALTER TABLE `referrals` DISABLE KEYS */;
/*!40000 ALTER TABLE `referrals` ENABLE KEYS */;
UNLOCK TABLES;

--
-- Table structure for table `userbot_shared`
--

DROP TABLE IF EXISTS `userbot_shared`;
/*!40101 SET @saved_cs_client     = @@character_set_client */;
/*!50503 SET character_set_client = utf8mb4 */;
CREATE TABLE `userbot_shared` (
  `ub_username` varchar(255) COLLATE utf8mb4_unicode_ci NOT NULL,
  `tg_user_id` bigint NOT NULL,
  PRIMARY KEY (`ub_username`,`tg_user_id`),
  KEY `tg_user_id` (`tg_user_id`),
  CONSTRAINT `userbot_shared_ibfk_1` FOREIGN KEY (`ub_username`) REFERENCES `userbots` (`ub_username`) ON DELETE CASCADE,
  CONSTRAINT `userbot_shared_ibfk_2` FOREIGN KEY (`tg_user_id`) REFERENCES `users` (`tg_user_id`) ON DELETE CASCADE
) ENGINE=InnoDB DEFAULT CHARSET=utf8mb4 COLLATE=utf8mb4_unicode_ci;
/*!40101 SET character_set_client = @saved_cs_client */;

--
-- Dumping data for table `userbot_shared`
--

LOCK TABLES `userbot_shared` WRITE;
/*!40000 ALTER TABLE `userbot_shared` DISABLE KEYS */;
/*!40000 ALTER TABLE `userbot_shared` ENABLE KEYS */;
UNLOCK TABLES;

--
-- Table structure for table `userbots`
--

DROP TABLE IF EXISTS `userbots`;
/*!40101 SET @saved_cs_client     = @@character_set_client */;
/*!50503 SET character_set_client = utf8mb4 */;
CREATE TABLE `userbots` (
  `id` int NOT NULL AUTO_INCREMENT,
  `tg_user_id` bigint NOT NULL,
  `ub_username` varchar(255) COLLATE utf8mb4_unicode_ci NOT NULL,
  `server_ip` varchar(255) COLLATE utf8mb4_unicode_ci NOT NULL,
  `ub_type` text COLLATE utf8mb4_unicode_ci,
  `status` varchar(50) COLLATE utf8mb4_unicode_ci DEFAULT 'stopped',
  `created_at` datetime DEFAULT CURRENT_TIMESTAMP,
  `blocked` tinyint(1) NOT NULL DEFAULT '0',
  `warning_sent_at` datetime DEFAULT NULL,
  `is_warned` tinyint(1) NOT NULL DEFAULT '0',
  `stopped_at` datetime DEFAULT NULL,
  `started_at` datetime DEFAULT NULL,
  `webui_port` int DEFAULT NULL,
  `is_test_mode` tinyint(1) NOT NULL DEFAULT '0',
  PRIMARY KEY (`id`),
  UNIQUE KEY `ub_username` (`ub_username`),
  KEY `tg_user_id` (`tg_user_id`),
  KEY `webui_port` (`webui_port`),
  CONSTRAINT `userbots_ibfk_1` FOREIGN KEY (`tg_user_id`) REFERENCES `users` (`tg_user_id`) ON DELETE CASCADE
) ENGINE=InnoDB AUTO_INCREMENT=412 DEFAULT CHARSET=utf8mb4 COLLATE=utf8mb4_unicode_ci;
/*!40101 SET character_set_client = @saved_cs_client */;

--
-- Dumping data for table `userbots`
--

LOCK TABLES `userbots` WRITE;
/*!40000 ALTER TABLE `userbots` DISABLE KEYS */;
INSERT INTO `userbots` VALUES (119,5622466646,'ub5622466646','127.0.0.1','heroku','running','2025-12-03 18:25:53',0,NULL,0,NULL,NULL,6494,0),(122,5283100992,'ub5283100992','127.0.0.1','heroku','running','2025-12-03 18:26:28',0,NULL,0,NULL,NULL,48824,0),(125,8495972865,'ub8495972865','127.0.0.1','heroku','running','2025-12-03 18:26:57',0,NULL,0,NULL,NULL,51734,0),(126,8193013315,'ub8193013315','127.0.0.1','heroku','running','2025-12-03 18:27:09',0,NULL,0,NULL,NULL,53304,0),(127,740280481,'ub740280481','127.0.0.1','heroku','running','2025-12-03 18:27:21',0,NULL,0,NULL,NULL,35450,0),(128,961504576,'ub961504576','127.0.0.1','heroku','running','2025-12-03 18:27:34',0,NULL,0,NULL,NULL,34730,0),(129,8491717601,'ub8491717601','127.0.0.1','heroku','running','2025-12-03 18:27:49',0,NULL,0,NULL,NULL,8766,0),(130,6680947309,'ub6680947309','127.0.0.1','heroku','running','2025-12-03 18:28:04',0,NULL,0,NULL,NULL,11939,0),(138,8127360249,'ub8127360249','127.0.0.1','heroku','running','2025-12-03 18:34:35',0,NULL,0,NULL,NULL,19482,0),(141,5801754918,'ub5801754918','127.0.0.1','heroku','running','2025-12-03 19:02:04',0,NULL,0,NULL,NULL,48158,0),(143,8233173891,'ub8233173891','127.0.0.1','heroku','running','2025-12-03 19:22:38',0,NULL,0,NULL,NULL,28242,0),(147,5119666319,'ub5119666319','127.0.0.1','hikka','running','2025-12-03 19:42:40',0,NULL,0,NULL,NULL,8137,0),(149,824843986,'ub824843986','127.0.0.1','heroku','running','2025-12-04 06:05:56',0,NULL,0,NULL,NULL,44896,0),(153,1201543071,'ub1201543071','127.0.0.1','heroku','running','2025-12-05 07:43:10',0,NULL,0,NULL,NULL,8227,0),(155,5941415177,'ub5941415177','127.0.0.1','heroku','running','2025-12-05 08:23:44',0,NULL,0,NULL,NULL,37468,0),(163,7717121903,'ub7717121903','127.0.0.1','heroku','running','2025-12-05 08:38:59',0,NULL,0,NULL,NULL,36133,0),(176,7636170713,'ub7636170713','127.0.0.1','heroku','running','2025-12-05 11:46:48',0,NULL,0,NULL,NULL,34924,0),(181,7140810567,'ub7140810567','127.0.0.1','heroku','running','2025-12-05 12:12:38',0,NULL,0,NULL,NULL,12729,0),(184,7022907773,'ub7022907773','127.0.0.1','heroku','running','2025-12-05 12:22:55',0,NULL,0,NULL,NULL,62147,0),(185,7613926862,'ub7613926862','127.0.0.1','heroku','running','2025-12-05 12:26:09',0,NULL,0,NULL,NULL,48278,0),(192,6617875834,'ub6617875834','127.0.0.1','heroku','running','2025-12-05 15:21:35',0,NULL,0,NULL,NULL,16612,0),(194,5341000884,'ub5341000884','127.0.0.1','heroku','running','2025-12-05 15:34:00',0,NULL,0,NULL,NULL,27689,0),(196,1180547624,'ub1180547624','127.0.0.1','heroku','running','2025-12-05 15:52:03',0,NULL,0,NULL,NULL,37321,0),(199,7769473132,'ub7769473132','127.0.0.1','heroku','running','2025-12-05 17:17:57',0,NULL,0,NULL,NULL,43595,0),(202,5261650590,'ub5261650590','127.0.0.1','heroku','running','2025-12-05 18:18:58',0,NULL,0,NULL,NULL,40110,0),(212,7179828192,'ub7179828192','127.0.0.1','heroku','running','2025-12-06 00:11:52',0,NULL,0,NULL,NULL,54257,0),(214,8301774337,'ub8301774337','127.0.0.1','heroku','running','2025-12-06 05:46:23',0,NULL,0,NULL,NULL,23161,0),(216,6609899176,'ub6609899176','127.0.0.1','heroku','running','2025-12-06 07:01:52',0,NULL,0,NULL,NULL,31870,0),(224,7069083460,'ub7069083460','127.0.0.1','heroku','running','2025-12-06 10:53:25',0,NULL,0,NULL,NULL,30320,0),(226,5911523601,'ub5911523601','127.0.0.1','hikka','running','2025-12-06 12:00:33',0,NULL,0,NULL,NULL,23500,0),(229,7850726979,'ub7850726979','127.0.0.1','heroku','running','2025-12-06 14:12:51',0,NULL,0,NULL,NULL,30218,0),(231,7518868370,'ub7518868370','127.0.0.1','heroku','running','2025-12-06 15:27:18',0,NULL,0,NULL,NULL,27439,0),(236,8290877754,'ub8290877754','127.0.0.1','heroku','running','2025-12-06 16:54:26',0,NULL,0,NULL,NULL,44950,0),(242,8101535502,'ub8101535502','127.0.0.1','heroku','running','2025-12-06 17:47:39',0,NULL,0,NULL,NULL,43615,0),(244,8354995042,'ub8354995042','127.0.0.1','heroku','running','2025-12-06 18:17:52',0,NULL,0,NULL,NULL,46633,0),(253,8354550825,'ub8354550825','89.168.108.50','heroku','running','2025-12-06 19:37:15',0,NULL,0,NULL,NULL,59958,0),(254,7467472235,'ub7467472235','89.168.108.50','heroku','running','2025-12-06 19:37:26',0,NULL,0,NULL,NULL,63596,0),(256,8285579114,'ub8285579114','89.168.108.50','heroku','running','2025-12-06 19:39:52',0,NULL,0,NULL,NULL,29513,0),(257,8076594974,'ub8076594974','89.168.108.50','heroku','running','2025-12-06 19:41:14',0,NULL,0,NULL,NULL,11357,0),(258,5292807691,'ub5292807691','89.168.108.50','heroku','deleting','2025-12-06 19:41:39',0,NULL,0,NULL,NULL,19346,0),(262,5213277052,'ub5213277052','89.168.108.50','heroku','running','2025-12-06 19:54:41',0,NULL,0,NULL,NULL,63886,0),(270,915670914,'ub915670914','89.168.108.50','heroku','running','2025-12-06 21:56:30',0,NULL,0,NULL,NULL,61249,0),(271,5662645440,'ub5662645440','127.0.0.1','heroku','running','2025-12-06 22:11:01',0,NULL,0,NULL,NULL,36201,0),(273,6890242569,'ub6890242569','89.168.108.50','hikka','running','2025-12-06 22:37:16',0,NULL,0,NULL,NULL,58377,0),(274,8077791094,'ub8077791094','89.168.108.50','heroku','running','2025-12-06 22:43:21',0,NULL,0,NULL,NULL,30662,0),(275,7059136488,'ub7059136488','89.168.108.50','heroku','running','2025-12-06 23:42:54',0,NULL,0,NULL,NULL,57941,0),(276,6188190329,'ub6188190329','89.168.108.50','heroku','running','2025-12-06 23:57:06',0,NULL,0,NULL,NULL,18446,0),(277,8307935011,'ub8307935011','127.0.0.1','heroku','running','2025-12-07 00:08:17',0,NULL,0,NULL,NULL,8933,0),(280,8037624215,'ub8037624215','89.168.108.50','heroku','running','2025-12-07 06:16:34',0,NULL,0,NULL,NULL,63952,0),(284,7009829631,'ub7009829631','127.0.0.1','heroku','running','2025-12-07 07:32:54',0,NULL,0,NULL,NULL,31502,0),(286,7792457663,'ub7792457663','89.168.108.50','heroku','running','2025-12-07 07:49:20',0,NULL,0,NULL,NULL,14845,0),(287,8029598869,'ub8029598869','127.0.0.1','heroku','running','2025-12-07 08:09:38',0,NULL,0,NULL,NULL,40376,0),(293,8502617286,'ub8502617286','127.0.0.1','heroku','running','2025-12-07 11:46:48',0,NULL,0,NULL,NULL,41256,0),(294,7345823423,'ub7345823423','127.0.0.1','heroku','running','2025-12-07 12:03:17',0,NULL,0,NULL,NULL,39927,0),(296,5924359761,'ub5924359761','127.0.0.1','heroku','running','2025-12-07 12:39:38',0,NULL,0,NULL,NULL,23306,0),(301,5754471909,'ub5754471909','89.168.108.50','heroku','running','2025-12-07 14:23:37',0,NULL,0,NULL,NULL,43940,0),(305,8012916530,'ub8012916530','127.0.0.1','heroku','running','2025-12-07 15:30:06',0,NULL,0,NULL,NULL,6631,0),(306,7675886586,'ub7675886586','127.0.0.1','heroku','running','2025-12-07 15:32:23',0,NULL,0,NULL,NULL,16250,0),(307,8572436281,'ub8572436281','127.0.0.1','heroku','running','2025-12-07 15:42:48',0,NULL,0,NULL,NULL,44927,0),(308,8242915739,'ub8242915739','127.0.0.1','heroku','running','2025-12-07 16:10:07',0,NULL,0,NULL,NULL,29128,0),(309,8213864087,'ub8213864087','127.0.0.1','heroku','running','2025-12-07 16:41:02',0,NULL,0,NULL,NULL,54538,0),(310,7919260525,'ub7919260525','89.168.108.50','heroku','running','2025-12-07 16:41:36',0,NULL,0,NULL,NULL,31672,0),(312,8252477712,'ub8252477712','127.0.0.1','heroku','running','2025-12-07 17:32:57',0,NULL,0,NULL,NULL,22809,0),(313,8396150689,'ub8396150689','127.0.0.1','heroku','running','2025-12-07 17:40:54',0,NULL,0,NULL,NULL,20561,0),(317,5906606905,'ub5906606905','127.0.0.1','heroku','running','2025-12-07 18:57:25',0,NULL,0,NULL,NULL,53192,0),(322,8251888341,'ub8251888341','89.168.108.50','heroku','running','2025-12-08 03:29:36',0,NULL,0,NULL,NULL,27571,0),(323,7235277658,'ub7235277658','89.168.108.50','heroku','running','2025-12-08 04:24:56',0,NULL,0,NULL,NULL,19531,0),(324,867995626,'ub867995626','89.168.108.50','heroku','running','2025-12-08 07:04:27',0,NULL,0,NULL,NULL,36658,0),(326,772969727,'ub772969727','89.168.108.50','heroku','running','2025-12-08 08:46:30',0,NULL,0,NULL,NULL,43525,0),(327,8434281248,'ub8434281248','127.0.0.1','heroku','running','2025-12-08 10:35:56',0,NULL,0,NULL,NULL,62401,0),(329,8099030437,'ub8099030437','89.168.108.50','heroku','running','2025-12-08 12:02:01',0,NULL,0,NULL,NULL,28609,0),(330,8502447330,'ub8502447330','127.0.0.1','heroku','running','2025-12-08 13:31:34',0,NULL,0,NULL,NULL,11297,0),(333,7873000105,'ub7873000105','89.168.108.50','hikka','running','2025-12-08 14:16:09',0,NULL,0,NULL,NULL,56577,0),(338,8039023342,'ub8039023342','89.168.108.50','heroku','running','2025-12-08 17:20:37',0,NULL,0,NULL,NULL,20303,0),(340,7506417148,'ub7506417148','127.0.0.1','heroku','running','2025-12-08 18:55:12',0,NULL,0,NULL,NULL,54272,0),(341,7435209057,'ub7435209057','89.168.108.50','heroku','running','2025-12-08 19:43:47',0,NULL,0,NULL,NULL,38926,0),(343,7217187199,'ub7217187199','127.0.0.1','heroku','running','2025-12-08 22:30:29',0,NULL,0,NULL,NULL,11570,0),(348,6837851698,'ub6837851698','89.168.108.50','heroku','running','2025-12-09 07:55:47',0,NULL,0,NULL,NULL,25406,0),(349,812877930,'ub812877930','127.0.0.1','hikka','running','2025-12-09 08:18:54',0,NULL,0,NULL,NULL,23575,0),(350,1399154743,'ub1399154743','89.168.108.50','heroku','running','2025-12-09 08:38:45',0,NULL,0,NULL,NULL,18904,0),(357,7639555830,'ub7639555830','89.168.108.50','heroku','running','2025-12-09 16:08:43',0,NULL,0,NULL,NULL,15165,0),(359,7567083947,'ub7567083947','89.168.108.50','heroku','running','2025-12-09 16:25:48',0,NULL,0,NULL,NULL,23757,0),(362,7331313760,'ub7331313760','89.168.108.50','heroku','running','2025-12-09 16:45:04',0,NULL,0,NULL,NULL,52201,0),(364,6408110132,'ub6408110132','127.0.0.1','heroku','running','2025-12-09 19:15:45',0,NULL,0,NULL,NULL,7699,0),(368,5506633170,'ub5506633170','89.168.108.50','heroku','running','2025-12-09 22:24:56',0,NULL,0,NULL,NULL,45536,0),(370,7938154342,'ub7938154342','89.168.108.50','heroku','running','2025-12-09 23:41:16',0,NULL,0,NULL,NULL,32749,0),(372,8028597397,'ub8028597397','89.168.108.50','heroku','running','2025-12-10 00:26:28',0,NULL,0,NULL,NULL,60897,0),(373,6447997589,'ub6447997589','127.0.0.1','heroku','running','2025-12-10 04:31:26',0,NULL,0,NULL,NULL,45906,0),(375,8578698577,'ub8578698577','89.168.108.50','heroku','running','2025-12-10 11:16:23',0,NULL,0,NULL,NULL,33299,0),(376,1244114904,'ub1244114904','89.168.108.50','heroku','running','2025-12-10 17:12:27',0,NULL,0,NULL,NULL,9994,0),(377,7920611029,'ub7920611029','127.0.0.1','heroku','running','2025-12-10 17:20:40',0,NULL,0,NULL,NULL,60420,0),(381,6938841786,'ub6938841786','127.0.0.1','heroku','running','2025-12-11 09:04:08',0,NULL,0,NULL,NULL,20461,0),(386,7822370920,'ub7822370920','89.168.108.50','heroku','running','2025-12-11 18:07:14',0,NULL,0,NULL,NULL,28479,0),(387,7067117263,'ub7067117263','89.168.108.50','hikka','running','2025-12-11 20:33:13',0,NULL,0,NULL,NULL,35800,0),(389,6874536138,'ub6874536138','89.168.108.50','heroku','running','2025-12-12 08:31:19',0,NULL,0,NULL,NULL,41152,0),(390,7803965384,'ub7803965384','89.168.108.50','heroku','running','2025-12-12 09:47:38',0,NULL,0,NULL,NULL,56049,0),(404,8152271229,'ub8152271229','89.168.108.50','fox','running','2025-12-12 19:43:04',0,NULL,0,NULL,NULL,31157,0),(405,8001328426,'ub8001328426','89.168.108.50','heroku','running','2025-12-12 19:45:00',0,NULL,0,NULL,NULL,18789,0),(406,7878264276,'ub7878264276','89.168.108.50','heroku','running','2025-12-12 19:47:16',0,NULL,0,NULL,NULL,16521,0),(408,8436293719,'ub8436293719','89.168.108.50','heroku','running','2025-12-12 20:17:41',0,NULL,0,NULL,NULL,20786,0),(409,6489892269,'ub6489892269','89.168.108.50','heroku','running','2025-12-13 03:36:46',0,NULL,0,NULL,NULL,62705,0),(410,8262099275,'ub8262099275','127.0.0.1','legacy','running','2025-12-13 07:21:42',0,NULL,0,NULL,NULL,12250,0),(411,7612510490,'ub7612510490','89.168.108.50','heroku','running','2025-12-13 08:01:06',0,NULL,0,NULL,NULL,25382,0);
/*!40000 ALTER TABLE `userbots` ENABLE KEYS */;
UNLOCK TABLES;

--
-- Table structure for table `users`
--

DROP TABLE IF EXISTS `users`;
/*!40101 SET @saved_cs_client     = @@character_set_client */;
/*!50503 SET character_set_client = utf8mb4 */;
CREATE TABLE `users` (
  `tg_user_id` bigint NOT NULL,
  `username` text COLLATE utf8mb4_unicode_ci,
  `full_name` text COLLATE utf8mb4_unicode_ci,
  `registered_at` datetime DEFAULT CURRENT_TIMESTAMP,
  `agreement_accepted` tinyint(1) NOT NULL DEFAULT '0',
  `is_banned` tinyint(1) NOT NULL DEFAULT '0',
  `note` text COLLATE utf8mb4_unicode_ci,
  `api_token` text COLLATE utf8mb4_unicode_ci,
  `ub_limit` int DEFAULT '1',
  `token_regen_count` int DEFAULT '0',
  `token_regen_timestamp` datetime DEFAULT NULL,
  `has_premium_access` tinyint(1) NOT NULL DEFAULT '0',
  `premium_expires_at` datetime DEFAULT NULL,
  `premium_grace_notified` tinyint(1) NOT NULL DEFAULT '0',
  PRIMARY KEY (`tg_user_id`),
  KEY `api_token` (`api_token`(255))
) ENGINE=InnoDB DEFAULT CHARSET=utf8mb4 COLLATE=utf8mb4_unicode_ci;
/*!40101 SET character_set_client = @saved_cs_client */;

--
-- Dumping data for table `users`
--

LOCK TABLES `users` WRITE;
/*!40000 ALTER TABLE `users` DISABLE KEYS */;
INSERT INTO `users` VALUES (113384090,'deseara','Deseara','2025-12-03 14:49:42',1,0,NULL,NULL,1,0,NULL,0,NULL,0),(127674252,'rvlrb','revolase | @Sneaky_Dice1','2025-12-09 21:52:08',1,0,NULL,NULL,1,0,NULL,0,NULL,0),(318357554,'rz3nx','R Λ Z Ξ','2025-12-03 11:30:15',1,0,NULL,NULL,1,0,NULL,0,NULL,0),(400216230,'shareui','share','2025-12-03 11:50:49',1,0,NULL,NULL,1,0,NULL,0,NULL,0),(549955134,'neygacha','Прокурор Хиров','2025-12-07 10:28:19',1,0,NULL,NULL,1,0,NULL,0,NULL,0),(604437083,'lonly_sup','lonly','2025-12-03 16:16:29',1,0,NULL,NULL,1,0,NULL,0,NULL,0),(617412323,NULL,'Константин','2025-12-12 18:58:44',1,0,NULL,NULL,1,0,NULL,0,NULL,0),(734940228,'Darkness_premium','𝙳 𝙰 𝚁 𝙺 𝙽 𝙴 𝚂 𝚂','2025-12-12 15:51:22',1,0,NULL,NULL,1,0,NULL,0,NULL,0),(740280481,'HolyCBO','HolyCBO','2025-12-03 18:26:21',1,0,NULL,NULL,1,0,NULL,0,NULL,0),(766967361,'linustorvaldsx','твинк линуса торвальдса','2025-12-06 21:40:03',1,0,NULL,NULL,1,0,NULL,0,NULL,0),(772969727,'sozhgu','Redhat Federalov 🏴‍☠️','2025-12-03 18:29:53',1,0,NULL,NULL,1,0,NULL,0,NULL,0),(812877930,'vkreym','Квентилов','2025-12-05 19:52:32',1,0,NULL,NULL,1,0,NULL,0,NULL,0),(824843986,'murkeys','哦ζ͜͡𝐀ʟσɳαզզ\'⚝.','2025-12-04 06:05:11',1,0,NULL,NULL,1,0,NULL,0,NULL,0),(853569105,'vkunder','Galigin','2025-12-03 13:47:59',1,0,NULL,NULL,1,0,NULL,0,NULL,0),(867995626,'feofilov_for_salle','Горбатый Feofilov #𝗔𝘁𝘁𝗮𝗰𝗸𝗥𝗔𝗧','2025-12-08 07:04:00',1,0,NULL,NULL,1,0,NULL,0,NULL,0),(874926153,'duracheyo','дурачье','2025-12-03 11:54:11',1,0,NULL,NULL,1,0,NULL,0,NULL,0),(906205067,'macturbator','PhͥoeͣnͫixDEXX','2025-12-03 15:26:51',1,0,NULL,NULL,1,0,NULL,0,NULL,0),(913094087,'mewpl1','Mew','2025-12-06 09:07:54',0,0,NULL,NULL,1,0,NULL,0,NULL,0),(915670914,'fresei','Сеульский @fresei 🏴‍☠️','2025-12-06 21:47:15',1,0,NULL,NULL,1,0,NULL,0,NULL,0),(961504576,'Umr_0','Umaru Doma','2025-12-03 11:56:31',1,0,NULL,NULL,1,0,NULL,0,NULL,0),(1017896891,'Ded_Freeman','Ded Prosto ded','2025-12-03 12:28:50',1,0,NULL,NULL,1,0,NULL,0,NULL,0),(1084116847,'a9_fm','a9fm [RT/FOXY]:~# [☮️|🦢|🕊️]','2025-12-08 02:04:07',1,0,NULL,NULL,1,0,NULL,0,NULL,0),(1131150026,'HolyZxc','MSꝀᴾᴿᴼ 𝚂𝚊𝚖𝚞𝚛𝚊𝚢𝟺𝟹𝚔 ❤️‍🔥❄️🌸','2025-12-03 18:30:19',1,0,NULL,NULL,1,0,NULL,0,NULL,0),(1180547624,'kot_ewik','𝒦ℴ𝓉 ᵒᶠᶠⁱᶜⁱᵃˡ','2025-12-03 13:20:02',1,0,NULL,NULL,1,0,NULL,0,NULL,0),(1201543071,'finmska','лина₊','2025-12-05 06:25:41',1,0,NULL,NULL,1,0,NULL,0,NULL,0),(1240306510,'dev_telethon','ꘜ xenside‏󠆜wtf','2025-12-04 14:12:04',1,0,NULL,NULL,1,0,NULL,0,NULL,0),(1244114904,'sarvar_151','ثروربك ','2025-12-10 17:10:34',1,0,NULL,NULL,1,0,NULL,0,NULL,0),(1338226740,'kf_ic3peak','Владислав | MSꝀᴾᴿᴼ | ndless','2025-12-03 12:56:50',1,0,NULL,NULL,1,0,NULL,0,NULL,0),(1342753940,'maximtrous','‏󠆜⁧⁧⁧⁧ ~/~ Tʀᴏᴜs ⁧ Mᴀxɪᴍ','2025-12-03 13:22:25',1,0,NULL,NULL,1,0,NULL,0,NULL,0),(1399154743,'BroZYTnikkkk','ʙɼⲟⲛⵏκ | ᵘᵗᶜ⁺¹ᅠᅠᅠᅠ ‏󠆜⁧⁧⁧⁧ᴮᴹᵂᶜˡᵘᵇ ⁧','2025-12-09 08:37:46',1,0,NULL,NULL,1,0,NULL,0,NULL,0),(1422977618,'devs_ue4','Storm Stich','2025-12-03 11:35:12',1,0,NULL,NULL,1,0,NULL,0,NULL,0),(1462000513,'ExteraSpirtoq','MrSpirtoq #жирности','2025-12-03 16:43:12',0,0,NULL,NULL,1,0,NULL,0,NULL,0),(1588797510,'avjx2d6','(\"⁧;(\"Резистор 16 кОм','2025-12-04 12:38:52',1,0,NULL,NULL,1,0,NULL,0,NULL,0),(1624384911,'vt72983','vt72983 {\"⁧{\"','2025-12-03 12:24:11',1,0,NULL,NULL,1,0,NULL,0,NULL,0),(1738881388,'Nekvoor','Nek𑄝 ⌥','2025-12-03 16:31:23',1,0,NULL,NULL,1,0,NULL,0,NULL,0),(1742648077,'MAKCNMOB','Андрей','2025-12-03 11:46:28',1,0,NULL,NULL,1,0,NULL,0,NULL,0),(1863611627,'ArThirtyFour','AR34:~$','2025-12-03 11:31:12',1,0,NULL,NULL,1,0,NULL,0,NULL,0),(1866813859,'fanziks','ᅠ ᅠ','2025-12-03 13:16:48',1,0,NULL,NULL,1,0,NULL,0,NULL,0),(1891722582,'kevin_elins','︎ ︎ ᅠ ︎ ︎ ︎ ︎ ᅠ ︎ ︎ ︎ ︎ ᅠ','2025-12-03 15:20:34',1,0,NULL,NULL,1,0,NULL,0,NULL,0),(1955109942,'Netw1lp','Trew','2025-12-03 11:54:28',1,0,NULL,NULL,1,0,NULL,0,NULL,0),(1989732383,NULL,'Slipers','2025-12-04 03:48:08',1,0,NULL,NULL,1,0,NULL,0,NULL,0),(2040963519,'iinitt','god loves me','2025-12-03 18:27:33',1,0,NULL,NULL,1,0,NULL,0,NULL,0),(2124114677,'Xibsy','✨ Xibsy | 16:06','2025-12-03 12:10:39',1,0,NULL,NULL,1,0,NULL,0,NULL,0),(2131891318,'archlinux64','-','2025-12-12 19:14:30',0,0,NULL,NULL,1,0,NULL,0,NULL,0),(5025951301,'Yogurt0_0','❆`𝐂𝐒𝐓ヽ𖤝✶|༓☾𝖌𝖗𝖆𝖓𝖆𝖙𝖆🐮☽༓ ♡🍷 .°⛇','2025-12-05 10:35:02',1,0,NULL,NULL,1,0,NULL,0,NULL,0),(5097729226,'Lime4ic','Lime🍋(ИЩЮ ОБЪЕМ)','2025-12-03 12:22:56',1,0,NULL,NULL,1,0,NULL,0,NULL,0),(5119666319,'KurumiTakisak1','Такисаки Куруми','2025-12-03 17:16:15',1,0,NULL,NULL,1,0,NULL,0,NULL,0),(5213277052,NULL,'爪Ꮆᗪ1ㄥ卂几 || hate.tg','2025-12-03 11:54:26',1,0,NULL,NULL,1,0,NULL,0,NULL,0),(5237169900,'midga3','Михаил Д','2025-12-03 12:05:12',1,0,NULL,NULL,1,0,NULL,0,NULL,0),(5247093256,'makserwhyy','makserwhyy [ꘜ]','2025-12-11 05:59:43',1,0,NULL,NULL,1,0,NULL,0,NULL,0),(5261650590,'FREE_TRAVA','#FREE_TRAVA #helpfull','2025-12-03 11:49:40',1,0,NULL,NULL,1,0,NULL,0,NULL,0),(5283100992,'Bl_Nexus','𝔹𝕝𝕦𝕖_ℕ𝕖𝕩𝕦𝕤🍭','2025-12-03 11:32:42',1,0,NULL,NULL,1,0,NULL,0,NULL,0),(5292807691,'kchemniy','𝙺𝚌𝚑𝚎𝚖𝚗𝚒𝚢','2025-12-03 14:08:26',1,0,NULL,NULL,1,0,NULL,0,NULL,0),(5294695497,NULL,'Барбарис','2025-12-03 16:48:46',1,0,NULL,NULL,1,0,NULL,0,NULL,0),(5314888609,'Schmidttm','Schmidt','2025-12-05 05:55:23',1,0,NULL,NULL,1,0,NULL,0,NULL,0),(5341000884,'Nikita12910','Никита |','2025-12-05 15:18:36',1,0,NULL,NULL,1,0,NULL,0,NULL,0),(5434501642,'Murex55','Мурекс #Nazomi','2025-12-05 09:03:42',1,0,NULL,NULL,1,0,NULL,0,NULL,0),(5506538063,'turripy','.','2025-12-03 11:39:13',1,0,NULL,NULL,1,0,NULL,0,NULL,0),(5506633170,'Poxyist22801','Biker','2025-12-09 12:52:36',1,0,NULL,NULL,1,0,NULL,0,NULL,0),(5550626418,'Autoritetion','ẇḀṙḊḕẌ','2025-12-03 18:30:34',1,0,NULL,NULL,1,0,NULL,0,NULL,0),(5567802713,NULL,'Шарко','2025-12-03 11:30:07',1,0,NULL,NULL,1,0,NULL,0,NULL,0),(5620443763,'Kimalone1994','Kim Alone','2025-12-04 08:47:13',1,0,NULL,NULL,1,0,NULL,0,NULL,0),(5622466646,'patriarhatov','ᴨᴀᴛᴩиᴀᴩхᴀᴛоʙ ᴀʙᴛоᴩ!ᴛᴇᴛ #krasnodarov','2025-12-03 14:36:42',1,0,NULL,NULL,1,0,NULL,0,NULL,0),(5653382268,'kozhura_ubezhishe_player_fly','ᖽᐸᓍᗱᕼᑘᖇᗩ_ᓰᘜᖇᓍᖽᐸ-ᖻᖶ#4624 blessxD [shlvsqdtag]','2025-12-07 18:29:07',1,0,NULL,NULL,1,0,NULL,0,NULL,0),(5662645440,'treffb','~kotee~ {‌ ⁧{','2025-12-03 14:04:13',1,0,NULL,NULL,1,0,NULL,0,NULL,0),(5754471909,'Flovessex_Hardstyle','𝗙𝗹𝗼𝘃𝗲𝘀𝘀𝗲𝘅 𝗵𝗮𝗿𝗱𝘀𝘁𝘆𝗹𝗲 𝗖𝗔𝗥𝗠𝗔 𝘅 𝗙𝗟𝗨𝗫','2025-12-07 14:23:06',1,0,NULL,NULL,1,0,NULL,0,NULL,0),(5774747794,'EXPERT_CATPON','♡ | 𝚛𝚘𝚘𝚝@𝚌𝚊𝚝𝚙𝚘𝚗','2025-12-02 18:02:08',1,0,NULL,'EXPERT_CATPON:5774747794:LMiszdLCXoJZTqB9IQH3KFzYUP_krfEBAYFGNwAt5Ko',1,0,NULL,0,NULL,0),(5801754918,'doxmann1','dохmann','2025-12-03 18:42:02',1,0,NULL,NULL,1,0,NULL,0,NULL,0),(5844950843,'ionnChe','ionChe','2025-12-03 14:42:34',1,0,NULL,NULL,1,0,NULL,0,NULL,0),(5906606905,'Nosraka','ᴍᴏᴅ','2025-12-07 18:51:22',1,0,NULL,NULL,1,0,NULL,0,NULL,0),(5911523601,NULL,'𝕄å𝕟𝕖𝕤𝕜𝕚𝕟','2025-12-03 11:32:56',1,0,NULL,NULL,1,0,NULL,0,NULL,0),(5924359761,'cserov','Rik Austin 🌱SEED','2025-12-07 12:34:16',1,0,NULL,NULL,1,0,NULL,0,NULL,0),(5941415177,'negrmefedron','Ferguson Design','2025-12-03 10:02:50',1,0,'овнер','negrmefedron:5941415177:rHi0YGuzWIS3vm7NKFg4gDNQuF7kPVDHudSbrtaSR7I',1,0,NULL,0,NULL,0),(5973589892,'ya_lewis','Сергей RedTokyo','2025-12-03 15:05:48',1,0,NULL,NULL,1,0,NULL,0,NULL,0),(6020965582,'Hairpin00','󠆜 ‌ ‌,Ꮚʍᴇᴧьᴋᴀ󠆜 ‌ ‌ | UNO󠆜 ‌ ‌#укcус','2025-12-03 11:44:17',1,0,NULL,NULL,1,0,NULL,0,NULL,0),(6036593342,'Lolilsop','.','2025-12-09 16:30:22',1,0,NULL,NULL,1,0,NULL,0,NULL,0),(6053067826,'killwinparty','killwinparty #7n7&chanceмоимейны','2025-12-03 15:03:40',1,0,NULL,NULL,1,0,NULL,0,NULL,0),(6105724253,'y9lox','кеша','2025-12-03 12:08:09',1,0,NULL,NULL,1,0,NULL,0,NULL,0),(6112843760,'Alkyrin','ㅤ','2025-12-03 13:46:47',1,0,NULL,NULL,1,0,NULL,0,NULL,0),(6169359403,'inTim_Coder','𝙖𝙢𝙖𝙧𝙮𝙡𝙡𝙞𝙨<—Чек био','2025-12-03 11:55:39',1,0,NULL,NULL,1,0,NULL,0,NULL,0),(6188190329,'FrayAltmixx','𝙵𝚛𝚊𝚢𝙰𝚕𝚝𝚖𝚒𝚡 | 𝚍𝚎𝚏𝚢 𝚝𝚑𝚎 𝚙𝚎𝚊𝚌𝚎𝚏𝚞𝚕.','2025-12-06 22:44:03',1,0,NULL,NULL,1,0,NULL,0,NULL,0),(6204024154,'fajox','fajox //','2025-12-03 12:42:02',1,0,NULL,NULL,1,0,NULL,0,NULL,0),(6306985355,'squeeare','⁧eare⁧sque⁧','2025-12-04 09:09:08',1,0,NULL,NULL,1,0,NULL,0,NULL,0),(6328237232,'roplakssss','роплакс','2025-12-04 11:03:37',1,0,NULL,NULL,1,0,NULL,0,NULL,0),(6408110132,'gg_winn','giga?!🤨','2025-12-09 19:14:41',1,0,NULL,NULL,1,0,NULL,0,NULL,0),(6409706997,'KoT9l_H9lH9lpa','ᅠ','2025-12-06 22:16:22',1,0,NULL,NULL,1,0,NULL,0,NULL,0),(6421914854,'jaba_loves','𝖏𝖆𝖇𝖆_𝖑𝖔𝖛𝖊','2025-12-03 11:29:54',1,0,NULL,NULL,1,0,NULL,0,NULL,0),(6447997589,'Vladimir_originalyni','Ебобо Владимир','2025-12-10 04:30:10',1,0,NULL,NULL,1,0,NULL,0,NULL,0),(6457066746,'Sillent_aim','Leon','2025-12-11 16:45:39',1,0,NULL,NULL,1,0,NULL,0,NULL,0),(6463195623,NULL,'‏󠆜⁧⁧⁧⁧ зубик⁧Без','2025-12-03 11:30:06',1,0,NULL,NULL,1,0,NULL,0,NULL,0),(6479608467,'Legendary133','aLeXeY:1337','2025-12-03 14:04:40',1,0,NULL,NULL,1,0,NULL,0,NULL,0),(6489892269,'dasturchilide','ㅤㅤㅤㅤㅤ','2025-12-12 15:05:35',1,0,NULL,NULL,1,0,NULL,0,NULL,0),(6510232567,'vlad1k_16_7','💤ⲅⲁⲧⲁⲩⲧⲕⲁ💤#Chpunk.🔪#LoveYou💖','2025-12-03 16:19:27',1,0,NULL,NULL,1,0,NULL,0,NULL,0),(6536427285,'Astrocodee','</> 𝐀𝐬𝐭𝐫𝐨 0xTEAM','2025-12-11 16:45:29',0,0,NULL,NULL,1,0,NULL,0,NULL,0),(6537473222,'xellnuu',':/ ㅤ','2025-12-06 10:35:31',0,0,NULL,NULL,1,0,NULL,0,NULL,0),(6589967736,'PUSTOINlK','ㅤㅤㅤ','2025-12-08 20:30:40',1,0,NULL,NULL,1,0,NULL,0,NULL,0),(6592538928,'by_guvernator','#include NeOn MoDs','2025-12-03 13:05:25',1,0,NULL,NULL,1,0,NULL,0,NULL,0),(6606581855,'kkarttonn','картон','2025-12-03 15:25:16',1,0,NULL,NULL,1,0,NULL,0,NULL,0),(6609737024,'Mr4epTuk','󠆜⁧󠆜⁧⁧⁧⁧🪽♆⁧પ૯ƿተꤣӄ','2025-12-03 12:45:18',1,0,NULL,NULL,1,0,NULL,0,NULL,0),(6609899176,'rikkatakanashi_YouTube','𝗥𝗶𝗸𝗸𝗮𝘁𝗮𝗻𝗮𝗸𝗮𝗮𝗵𝗶 𝗫 𝗙𝗟𝗨𝗫','2025-12-03 12:47:50',1,0,NULL,NULL,1,0,NULL,0,NULL,0),(6610444630,'cashish','why','2025-12-03 11:35:10',1,0,NULL,NULL,1,0,NULL,0,NULL,0),(6617875834,'fiks_official','Фикс','2025-12-03 11:52:46',1,0,NULL,NULL,1,0,NULL,0,NULL,0),(6658489836,'Nekn3n','𝗡𝗲𝗸𝗻','2025-12-05 08:26:54',0,0,NULL,NULL,1,0,NULL,0,NULL,0),(6680947309,'glitchmurdering','︎ зиʍний ᴧихоᴩᴀдоʙ','2025-12-03 11:51:24',1,0,NULL,NULL,1,0,NULL,0,NULL,0),(6816400085,'h_m_256','h. 🇦🇪','2025-12-03 12:02:47',1,0,NULL,NULL,1,0,NULL,0,NULL,0),(6818173756,'babansnan777','.','2025-12-09 16:07:12',1,0,NULL,NULL,1,0,NULL,0,NULL,0),(6832985197,'Mystrix_uz','Yuta™🫆','2025-12-09 07:17:24',1,0,NULL,NULL,1,0,NULL,0,NULL,0),(6837851698,'Ikeboc','HuH ᴮᵒᵍᵈᵃⁿ','2025-12-09 07:05:05',1,0,NULL,NULL,1,0,NULL,0,NULL,0),(6863047743,'qruhich','rus','2025-12-03 11:52:03',1,0,NULL,NULL,1,0,NULL,0,NULL,0),(6874536138,'Avangardlager','𝚂𝚂 ⟡ Бро ❄️🐍⃝⃒⃤','2025-12-10 11:05:25',1,0,NULL,NULL,1,0,NULL,0,NULL,0),(6890242569,'xsggm','Support','2025-12-04 13:22:24',1,0,NULL,NULL,1,0,NULL,0,NULL,0),(6903684402,'Scp281025','SCP Owner','2025-12-03 12:34:12',1,0,NULL,NULL,1,0,NULL,0,NULL,0),(6938841786,'shax_mobi','— 𝚂𝙷𝙰𝙷𝚁𝙸𝚈𝙾𝚁ོ','2025-12-11 08:49:02',1,0,NULL,NULL,1,0,NULL,0,NULL,0),(7006696044,'UWUBTCTON','1L| Snappit | ಠ⁠∀⁠ಠ️✨ Starsfi','2025-12-12 16:38:07',1,0,NULL,NULL,1,0,NULL,0,NULL,0),(7009829631,'Kotik_vistit','『 ⁷⁴²』🌨','2025-12-07 07:25:06',1,0,NULL,NULL,1,0,NULL,0,NULL,0),(7012817052,'Chriplov','Сонный Хриплов','2025-12-05 21:30:31',1,0,NULL,NULL,1,0,NULL,0,NULL,0),(7022907773,'milisikas','долбаёбка на дуре','2025-12-05 11:40:36',1,0,NULL,NULL,1,0,NULL,0,NULL,0),(7048255814,'rezyxq','в этот мрак.','2025-12-12 13:21:51',1,0,NULL,NULL,1,0,NULL,0,NULL,0),(7059136488,NULL,'𝚐𝚘𝚍 | 𝚍𝚎𝚏𝚢 𝚝𝚑𝚎 𝚙𝚎𝚊𝚌𝚎𝚏𝚞𝚕','2025-12-06 23:42:34',1,0,NULL,NULL,1,0,NULL,0,NULL,0),(7067117263,'killsbuyer','дал ёбу','2025-12-03 11:51:01',1,0,NULL,NULL,1,0,NULL,0,NULL,0),(7069083460,'Rwdyfu','.','2025-12-06 10:51:59',1,0,NULL,NULL,1,0,NULL,0,NULL,0),(7082737834,'kuboebs','‏⁧⁧⁧⁧ $-:⁧sᴀᴍsᴜɴɢ@ᴍᴀɢɪᴄɪᴀɴ','2025-12-03 11:35:07',1,0,NULL,NULL,1,0,NULL,0,NULL,0),(7096725222,'kmoell','mew','2025-12-03 12:39:38',1,0,NULL,NULL,1,0,NULL,0,NULL,0),(7123621276,'Naw_slon','𝚂𝙻𝙾𝙷𝙰𝚁𝙰 [лив]','2025-12-03 11:40:11',1,0,NULL,NULL,1,0,NULL,0,NULL,0),(7130298880,'codermasochist','Àssa','2025-12-03 12:07:47',1,0,NULL,NULL,1,0,NULL,0,NULL,0),(7140810567,'Jaloldevvvv','『 М а д а м и н о в ッ🥷 』 </>','2025-12-03 13:30:12',1,0,NULL,NULL,1,0,NULL,0,NULL,0),(7145117452,'RT_HELPS','Чек Скам / ЮБ №3','2025-12-08 02:07:28',1,0,NULL,NULL,1,0,NULL,0,NULL,0),(7152352452,'Wezzicks','Мишо','2025-12-07 23:12:06',1,0,NULL,NULL,1,0,NULL,0,NULL,0),(7162028936,'posthardcoreclover','cucumber','2025-12-03 19:12:03',1,0,NULL,NULL,1,0,NULL,0,NULL,0),(7179828192,'ximoraTalk','you\'re not a doctor','2025-12-03 17:17:35',1,0,NULL,NULL,1,0,NULL,0,NULL,0),(7193837521,'porarazek','fajek #hotlimiami','2025-12-12 18:39:09',1,0,NULL,NULL,1,0,NULL,0,NULL,0),(7217187199,'zxcnalog','rorolb','2025-12-06 21:03:01',1,0,NULL,NULL,1,0,NULL,0,NULL,0),(7235277658,'meowlmeowlmeowll','Meowl #нотыврачи','2025-12-08 04:24:06',1,0,NULL,NULL,1,0,NULL,0,NULL,0),(7331313760,'lermandev','Lerman #KERNEL','2025-12-03 13:01:51',1,0,NULL,NULL,1,0,NULL,0,NULL,0),(7345823423,'xxeeav','️','2025-12-03 14:34:23',1,0,NULL,NULL,1,0,NULL,0,NULL,0),(7347437322,'Quasendran','⁠⁠⚡Ꝗu𝐚𝒔ϵ𝗻₫𝚛𝐚𝗻⚡ #root ︎︎︎︎︎︎︎︎︎︎︎︎','2025-12-03 13:47:58',1,0,NULL,NULL,1,0,NULL,0,NULL,0),(7426524336,'hupixop','Buluat * ×DungeRUS™','2025-12-03 12:16:08',1,0,NULL,NULL,1,0,NULL,0,NULL,0),(7435209057,'CodePlen','Type','2025-12-03 12:14:11',1,0,NULL,NULL,1,0,NULL,0,NULL,0),(7441913217,'KingMod_Manager','ABBAS','2025-12-03 12:43:21',1,0,NULL,NULL,1,0,NULL,0,NULL,0),(7467472235,'Aubeig','☁️ᵒᵇˡᵒᶜʰᵏ⁰ ༄ 𝙰𝚞𝚋𝚎𝚒𝚐 ᥫ᭡','2025-12-04 14:06:01',1,0,NULL,NULL,1,0,NULL,0,NULL,0),(7504680710,NULL,'Богатый свин .','2025-12-03 17:23:38',1,0,NULL,NULL,1,0,NULL,0,NULL,0),(7506417148,NULL,'Makayla Howell','2025-12-08 18:54:01',1,0,NULL,NULL,1,0,NULL,0,NULL,0),(7515319188,NULL,'PhͥoeͣnͫixDEXX','2025-12-11 14:09:43',1,0,NULL,NULL,1,0,NULL,0,NULL,0),(7518868370,'sodaverx','𝑺𝒐𝒅𝒂','2025-12-06 10:05:08',1,0,NULL,NULL,1,0,NULL,0,NULL,0),(7529392420,'Kvetkass','Kvitka','2025-12-03 11:43:18',1,0,NULL,NULL,1,0,NULL,0,NULL,0),(7534952108,'n8pka','n0pka/wenible','2025-12-03 14:34:19',1,0,NULL,NULL,1,0,NULL,0,NULL,0),(7556144815,'barinsk','barine anti-peur','2025-12-03 12:16:30',1,0,NULL,NULL,1,0,NULL,0,NULL,0),(7567083947,'PapashaFruzera','Фадюха | Саморазвитие и Семья','2025-12-03 15:57:08',1,0,NULL,NULL,1,0,NULL,0,NULL,0),(7573129960,'ebed_tg','𝚞𝚗𝚍𝚎𝚏𝟷𝚗𝟹𝚍𝚍@𝚠𝚑𝟶𝚊𝚖𝟷𝟷:~# #𝖑𝖊𝖌𝖆𝖈𝖞 #҉O҉P҉I҉U҉M҉','2025-12-04 05:41:37',1,0,NULL,NULL,1,0,NULL,0,NULL,0),(7574615355,NULL,'⁠ ⁠','2025-12-03 11:37:43',1,0,NULL,NULL,1,0,NULL,0,NULL,0),(7584489542,'murmakedesign','murmakedesign','2025-12-04 14:32:44',1,0,NULL,NULL,1,0,NULL,0,NULL,0),(7606681002,'thewwwi','Velion','2025-12-12 17:21:51',1,0,NULL,NULL,1,0,NULL,0,NULL,0),(7612130314,'brat1111114','Fonun Jones','2025-12-07 03:39:20',1,0,NULL,NULL,1,0,NULL,0,NULL,0),(7612510490,'poxchkai','Стыч • #ⲗⲩⲁⲥ','2025-12-13 07:59:13',1,0,NULL,NULL,1,0,NULL,0,NULL,0),(7613926862,'Hio_Zhilina','†ᴋᴀᴧя🐮 #львівське_різдвяне','2025-12-05 12:25:20',1,0,NULL,NULL,1,0,NULL,0,NULL,0),(7615671178,'s0ul_5w4p','🍁','2025-12-12 16:40:29',1,0,NULL,NULL,1,0,NULL,0,NULL,0),(7636170713,NULL,'𝙺0𝚂𝙷𝙸','2025-12-03 11:42:08',1,0,NULL,NULL,1,0,NULL,0,NULL,0),(7637097552,'LeVisTelegramm','LeVis |','2025-12-03 11:47:55',1,0,NULL,NULL,1,0,NULL,0,NULL,0),(7639555830,NULL,'Angel 🌲','2025-12-03 11:31:39',1,0,NULL,NULL,1,0,NULL,0,NULL,0),(7651269075,'quantillionov','Wolzer','2025-12-03 16:41:24',1,0,NULL,NULL,1,0,NULL,0,NULL,0),(7672360568,'dimuyckkk','ᴅɪᴍᴀᴏᴏ🎃','2025-12-03 12:40:39',1,0,NULL,NULL,1,0,NULL,0,NULL,0),(7675886586,'q5bmK0JI','Ygf','2025-12-07 15:30:48',1,0,NULL,NULL,1,0,NULL,0,NULL,0),(7695143939,'test19729','(\"метвей\");','2025-12-03 18:51:19',1,0,NULL,NULL,1,0,NULL,0,NULL,0),(7695851744,'na1kota','ʍᴀᴩᴄ','2025-12-03 11:57:02',1,0,NULL,NULL,1,0,NULL,0,NULL,0),(7698592539,'vldtokio','𝐒𝐈| мира дура 🩻','2025-12-05 08:38:58',1,0,NULL,NULL,1,0,NULL,0,NULL,0),(7699725567,'lanyybl','小明','2025-12-03 14:23:35',1,0,NULL,NULL,1,0,NULL,0,NULL,0),(7707923224,'radostov','радость','2025-12-05 03:26:28',1,0,NULL,NULL,1,0,NULL,0,NULL,0),(7714614316,'webtigr','Как‏‌иш','2025-12-04 13:08:51',1,0,NULL,NULL,1,0,NULL,0,NULL,0),(7717121903,'elkatiransha','𝖣𝖺𝗓𝖺𝗂 𝖮𝗌𝖺𝗆𝗎','2025-12-03 11:30:09',1,0,NULL,NULL,1,0,NULL,0,NULL,0),(7719197368,'oaxyse','ㅤ','2025-12-03 14:55:30',1,0,NULL,NULL,1,0,NULL,0,NULL,0),(7735155058,'Gegeffgj','Никита','2025-12-05 15:18:24',1,0,NULL,NULL,1,0,NULL,0,NULL,0),(7744838886,'idxfce','monocromo','2025-12-03 11:33:42',1,0,NULL,NULL,1,0,NULL,0,NULL,0),(7764527142,'devodrag','деводраг','2025-12-03 12:06:05',1,0,NULL,NULL,1,0,NULL,0,NULL,0),(7769473132,'Qverichin','Qverich','2025-12-03 18:48:31',1,0,NULL,NULL,1,0,NULL,0,NULL,0),(7772634707,'notdekma','notdekma.t.me','2025-12-03 13:16:37',1,0,NULL,NULL,1,0,NULL,0,NULL,0),(7792457663,NULL,'Котяра','2025-12-06 19:03:12',1,0,NULL,NULL,1,0,NULL,0,NULL,0),(7799680213,'familiarrrrrr','•♪°«¶қคՐɿՈค ™ 𝖗𝖊𝖒𝖒𝖎','2025-12-03 11:30:36',1,0,NULL,NULL,1,0,NULL,0,NULL,0),(7803965384,'yourrf','dd','2025-12-07 14:08:05',1,0,NULL,NULL,1,0,NULL,0,NULL,0),(7804322396,'Wunpey','ᴡᴜɴᴘ9ʏ','2025-12-09 19:04:41',1,0,NULL,NULL,1,0,NULL,0,NULL,0),(7822370920,'Sk0lovek','//Sk0lovek','2025-12-03 11:30:05',1,0,NULL,NULL,1,0,NULL,0,NULL,0),(7845768190,'Eeeeeeeeeeeeeeeeeeeeeeeeeeeeee95','Madison Wade','2025-12-05 15:55:29',1,0,NULL,NULL,1,0,NULL,0,NULL,0),(7850726979,'Androfon_AI','Антони лучший игрок Мира!','2025-12-03 11:30:58',1,0,NULL,NULL,1,0,NULL,0,NULL,0),(7855736181,'bahtierjanov_xl','🖤','2025-12-06 12:29:54',1,0,NULL,NULL,1,0,NULL,0,NULL,0),(7865512021,'Ky3By_TTu3ba','Никита умеротворение Поднебесные','2025-12-03 12:01:50',1,0,NULL,NULL,1,0,NULL,0,NULL,0),(7868116959,'dildak_v_04ke','­ ミ хз соль 彡 #тильт','2025-12-03 12:26:45',1,0,NULL,NULL,1,0,NULL,0,NULL,0),(7873000105,NULL,'synex','2025-12-07 21:13:21',1,0,NULL,NULL,1,0,NULL,0,NULL,0),(7873571090,'Kadirov_712','์์์์์์์์์์์์์์์์์์์์์์์์์์์์์์์์์์์์์์์์์์์์์์์์์์์์์์์์์݅݅݅݅݅݅݅','2025-12-03 12:48:08',1,0,NULL,NULL,1,0,NULL,0,NULL,0),(7878264276,NULL,'Travis','2025-12-12 14:31:56',1,0,NULL,NULL,1,0,NULL,0,NULL,0),(7899224931,'ogocr','‏󠆜⁧⁧⁧⁧ рак⁧приз','2025-12-03 15:53:39',1,0,NULL,NULL,1,0,NULL,0,NULL,0),(7919260525,'langlexer','генийㅤㅤㅤㅤㅤㅤㅤㅤㅤㅤㅤㅤㅤㅤㅤㅤㅤㅤㅤㅤㅤㅤㅤㅤㅤㅤㅤㅤㅤㅤ','2025-12-03 15:37:50',1,0,NULL,NULL,1,0,NULL,0,NULL,0),(7920611029,'MUHECTUP','Мухаммад','2025-12-03 17:12:58',1,0,NULL,NULL,1,0,NULL,0,NULL,0),(7931748946,'ybgbybfbxg','Андрей','2025-12-05 11:43:38',1,0,NULL,NULL,1,0,NULL,0,NULL,0),(7932930857,NULL,'h.alt','2025-12-06 18:15:35',1,0,NULL,NULL,1,0,NULL,0,NULL,0),(7938154342,'jagerscot','jagerscot','2025-12-09 15:51:20',1,0,NULL,NULL,1,0,NULL,0,NULL,0),(7960529676,'Lukasz_official','CHЯTЬ_0KOBЫ','2025-12-03 11:37:30',1,0,NULL,NULL,1,0,NULL,0,NULL,0),(8001328426,'Dmitry_murder','Дмитрий Murder','2025-12-08 10:45:10',1,0,NULL,NULL,1,0,NULL,0,NULL,0),(8012916530,'O1tabs','Sok','2025-12-07 15:29:36',1,0,NULL,NULL,1,0,NULL,0,NULL,0),(8028597397,'exetow','exetow','2025-12-10 00:23:17',1,0,NULL,NULL,1,0,NULL,0,NULL,0),(8029598869,'Angel_rainy','🎅 𝙀𝙍 || 𝕯𝖔𝖟𝖍𝖉𝖎𝖓𝖐𝖆❄️','2025-12-07 08:03:29',1,0,NULL,NULL,1,0,NULL,0,NULL,0),(8036527559,'very_fast_earn_money','𝑨𝒓𝒕𝒆𝒎','2025-12-03 11:31:59',1,0,NULL,NULL,1,0,NULL,0,NULL,0),(8037575020,'rummsty','rummsty','2025-12-03 12:08:12',1,0,NULL,NULL,1,0,NULL,0,NULL,0),(8037624215,'Godpillar','диана и дима умрите, свиньи','2025-12-06 16:25:26',1,0,NULL,NULL,1,0,NULL,0,NULL,0),(8038993191,'kanaebashit','зиʍний ᴩᴀйɜᴇᴋᴄ','2025-12-06 18:18:00',1,0,NULL,NULL,1,0,NULL,0,NULL,0),(8039023342,'ownRain','de la Rain','2025-12-08 17:06:45',1,0,NULL,NULL,1,0,NULL,0,NULL,0),(8041391519,'vamoss000','behruz','2025-12-12 08:26:12',1,0,NULL,NULL,1,0,NULL,0,NULL,0),(8054648519,'lendrie','lendrie','2025-12-03 17:33:20',0,0,NULL,NULL,1,0,NULL,0,NULL,0),(8057513929,'storm1k_solo','Storm1k','2025-12-03 12:26:13',1,0,NULL,NULL,1,0,NULL,0,NULL,0),(8076594974,'death_linQen1','𝐒𝐓 ꔫ ツ d3p5mk〔𝙽𝚌〕🐮 #ебуконспекты ☃️','2025-12-06 13:49:12',1,0,NULL,NULL,1,0,NULL,0,NULL,0),(8077791094,'koIor_642','Kolor','2025-12-06 22:41:05',1,0,NULL,NULL,1,0,NULL,0,NULL,0),(8099030437,'DoffaminovGod','sexyswag #cw','2025-12-07 12:09:19',1,0,NULL,NULL,1,0,NULL,0,NULL,0),(8101535502,'dumb_darny','darny','2025-12-03 11:34:02',1,0,NULL,NULL,1,0,NULL,0,NULL,0),(8124283820,'smetankoooooo','Теневая сметана KP/SC','2025-12-03 15:40:49',1,0,NULL,NULL,1,0,NULL,0,NULL,0),(8127360249,'kitmopscate','kuтмопсkеt','2025-12-03 15:02:09',1,0,NULL,NULL,1,0,NULL,0,NULL,0),(8127804310,'Ne_Xomyahok','‏󠆜⁧⁧⁧⁧ | 𝙓𝙤𝙢𝙮𝙖𝙘𝙝𝙤𝙠‌_⁧𝙉𝙚','2025-12-03 15:21:03',1,0,NULL,NULL,1,0,NULL,0,NULL,0),(8131805163,'codexpy','himera','2025-12-05 11:46:02',1,0,NULL,NULL,1,0,NULL,0,NULL,0),(8148022895,'awwilom','𝙰𝚆 | ℎ𝑖𝑜𝑚𝑜𝑧𝑎 🌌','2025-12-06 17:16:34',1,0,NULL,NULL,1,0,NULL,0,NULL,0),(8152271229,'xeovex','Евгений Пистолетов','2025-12-12 19:42:10',1,0,NULL,NULL,1,0,NULL,0,NULL,0),(8161448044,'kamekuro','мяутвей','2025-12-03 16:57:31',1,0,NULL,NULL,1,0,NULL,0,NULL,0),(8175397276,'dbambuk','.','2025-12-03 13:00:59',1,0,NULL,NULL,1,0,NULL,0,NULL,0),(8183553535,'Just_xolmirzayev','𝐗𝐨𝐥𝐦𝐢𝐫𝐳𝐚𝐲𝐞𝐯','2025-12-09 19:06:54',0,0,NULL,NULL,1,0,NULL,0,NULL,0),(8193013315,'neko_rep','Nxs','2025-12-03 11:37:35',1,0,NULL,NULL,1,0,NULL,0,NULL,0),(8207044772,'catpon_alt2','♡ | 𝚛𝚘𝚘𝚝@𝚌𝚊𝚝𝚙𝚘𝚗','2025-12-03 05:21:01',1,0,NULL,NULL,1,0,NULL,0,NULL,0),(8213864087,NULL,'Читаешь ? сасун','2025-12-07 16:39:43',1,0,NULL,NULL,1,0,NULL,0,NULL,0),(8233173891,NULL,'Asymptote','2025-12-03 18:45:07',1,0,NULL,NULL,1,0,NULL,0,NULL,0),(8240278968,'blackraing','Темный Бабадук Бобожир','2025-12-03 16:53:01',1,0,NULL,NULL,1,0,NULL,0,NULL,0),(8242915739,NULL,'.','2025-12-07 16:08:45',1,0,NULL,NULL,1,0,NULL,0,NULL,0),(8247441416,'Nikbo4ik','#Akahi','2025-12-03 13:14:20',0,0,NULL,NULL,1,0,NULL,0,NULL,0),(8251888341,'UserXelar','Xelar 7\\','2025-12-08 03:27:10',1,0,NULL,NULL,1,0,NULL,0,NULL,0),(8252477712,'meffozavr','Мефозавр','2025-12-07 17:31:18',1,0,NULL,NULL,1,0,NULL,0,NULL,0),(8262099275,'Djdjdjsgj','H','2025-12-12 16:04:26',1,0,NULL,NULL,1,0,NULL,0,NULL,0),(8285579114,'arc_gg','mournex','2025-12-03 12:03:19',1,0,NULL,NULL,1,0,NULL,0,NULL,0),(8290877754,'mainshiz','shizov','2025-12-03 11:32:09',1,0,NULL,NULL,1,0,NULL,0,NULL,0),(8291920492,'Ali76175','Богатый тигр','2025-12-03 17:24:40',1,0,NULL,NULL,1,0,NULL,0,NULL,0),(8301774337,'oriiiqa','//','2025-12-06 05:28:57',1,0,NULL,NULL,1,0,NULL,0,NULL,0),(8302019092,'Harigdog','Soziska Орiгiнол','2025-12-03 13:18:17',1,0,NULL,NULL,1,0,NULL,0,NULL,0),(8307935011,'Vildang','Вильдан','2025-12-03 12:09:17',1,0,NULL,NULL,1,0,NULL,0,NULL,0),(8324901207,'The_creedo','CREED','2025-12-03 11:31:46',1,0,NULL,NULL,1,0,NULL,0,NULL,0),(8354550825,'MagicUI_5','♡ | quwy@archlinux','2025-12-03 11:30:08',1,0,NULL,NULL,1,0,NULL,0,NULL,0),(8354995042,NULL,'h3','2025-12-06 18:16:25',1,0,NULL,NULL,1,0,NULL,0,NULL,0),(8368053911,'devilionkills','『devilion.』 #𝒕𝒊𝒉𝒐𝒏𝒐𝒗 @flexosint','2025-12-03 12:01:50',1,0,NULL,NULL,1,0,NULL,0,NULL,0),(8377534880,'twice_oh','Katherine Jones','2025-12-03 11:57:17',1,0,NULL,NULL,1,0,NULL,0,NULL,0),(8377845590,'yarik_hz','ярик да','2025-12-03 11:57:09',1,0,NULL,NULL,1,0,NULL,0,NULL,0),(8384189735,'roflakks','человек','2025-12-03 13:15:34',1,0,NULL,NULL,1,0,NULL,0,NULL,0),(8396150689,'baxa_vipp','¹²','2025-12-07 17:31:19',1,0,NULL,NULL,1,0,NULL,0,NULL,0),(8405520863,'govnovahawinda','Arch/Windows user <3','2025-12-07 18:07:20',1,0,NULL,NULL,1,0,NULL,0,NULL,0),(8434281248,'TPAXAET_CHOC','❄️ следователь УССБ | doffaminov','2025-12-05 20:03:23',1,0,NULL,NULL,1,0,NULL,0,NULL,0),(8435042389,NULL,'ㅤ','2025-12-09 15:58:12',1,0,NULL,NULL,1,0,NULL,0,NULL,0),(8436293719,'rryddz','bb','2025-12-08 13:43:49',1,0,NULL,NULL,1,0,NULL,0,NULL,0),(8441475817,'sderzhu','^_','2025-12-03 12:14:21',1,0,NULL,NULL,1,0,NULL,0,NULL,0),(8456140762,'putrescents',')','2025-12-06 08:05:42',1,0,NULL,NULL,1,0,NULL,0,NULL,0),(8462787991,'Dhevevhdhdb','#Ошорашенный','2025-12-09 05:50:57',1,0,NULL,NULL,1,0,NULL,0,NULL,0),(8469527454,'N3HACULOBATb','Dylan Taylor','2025-12-03 11:56:36',1,0,NULL,NULL,1,0,NULL,0,NULL,0),(8474410190,'specterbyte','𝙺𝚝❄ bankai | @specterbyte','2025-12-03 12:49:31',1,0,NULL,NULL,1,0,NULL,0,NULL,0),(8474768740,'Plaguefokc','котэк','2025-12-08 13:46:07',1,0,NULL,NULL,1,0,NULL,0,NULL,0),(8477187750,'DeadRaift','DeadRaift','2025-12-06 12:05:15',1,0,NULL,NULL,1,0,NULL,0,NULL,0),(8481285170,'s1rtek','sirtek','2025-12-03 12:04:49',1,0,NULL,NULL,1,0,NULL,0,NULL,0),(8483983989,'skinws','dumb','2025-12-05 08:24:26',1,0,NULL,NULL,1,0,NULL,0,NULL,0),(8491717601,'TsukiXD','• Tsuki ⋆ꁗ｡*:･','2025-12-03 12:12:05',1,0,NULL,NULL,1,0,NULL,0,NULL,0),(8495972865,'lonxzsy','лонз','2025-12-03 12:15:32',1,0,NULL,NULL,1,0,NULL,0,NULL,0),(8502447330,NULL,'Fg','2025-12-08 13:30:59',1,0,NULL,NULL,1,0,NULL,0,NULL,0),(8502617286,'lorsetov','Stephanie Bartlett','2025-12-07 11:45:57',1,0,NULL,NULL,1,0,NULL,0,NULL,0),(8509063472,'exaew','ᴇᴋᴄᴀᴇʙ.ᴢɪᴘ🏴‍☠️','2025-12-11 16:35:04',1,0,NULL,NULL,1,0,NULL,0,NULL,0),(8539983629,'nn_sinner','ᥲ᧘чн᧐ᥴᴛь','2025-12-06 17:16:33',0,0,NULL,NULL,1,0,NULL,0,NULL,0),(8572436281,NULL,'Бр Бр','2025-12-07 15:41:32',1,0,NULL,NULL,1,0,NULL,0,NULL,0),(8575736033,'nloverx','ᥒᥣ᧐᥎ᥱrX [♡]','2025-12-07 03:06:34',1,0,NULL,NULL,1,0,NULL,0,NULL,0),(8578698577,'Nursedead','The Nurse ᅠ','2025-12-10 11:05:47',1,0,NULL,NULL,1,0,NULL,0,NULL,0);
/*!40000 ALTER TABLE `users` ENABLE KEYS */;
UNLOCK TABLES;

--
-- Table structure for table `vpn`
--

DROP TABLE IF EXISTS `vpn`;
/*!40101 SET @saved_cs_client     = @@character_set_client */;
/*!50503 SET character_set_client = utf8mb4 */;
CREATE TABLE `vpn` (
  `tg_user_id` bigint NOT NULL,
  `link` text COLLATE utf8mb4_unicode_ci,
  PRIMARY KEY (`tg_user_id`)
) ENGINE=InnoDB DEFAULT CHARSET=utf8mb4 COLLATE=utf8mb4_unicode_ci;
/*!40101 SET character_set_client = @saved_cs_client */;

--
-- Dumping data for table `vpn`
--

LOCK TABLES `vpn` WRITE;
/*!40000 ALTER TABLE `vpn` DISABLE KEYS */;
INSERT INTO `vpn` VALUES (113384090,'vless://63af8441-de24-4177-95fb-5e5e2d16a67e@92.5.117.232:8443?security=reality&type=tcp&headerType=&path=&host=&sni=yahoo.com&fp=chrome&pbk=leY68p7x-_67bxRCwgrjvjSQ0h711FpWsHvAfFGTe0s&sid=1688#%E2%98%95%20VPN%20TeaHost%2C%20ub113384090'),(604437083,'vless://d25a66f7-3f08-4d7f-a5b7-ca9d28176c9b@92.5.117.232:8443?security=reality&type=tcp&headerType=&path=&host=&sni=yahoo.com&fp=chrome&pbk=leY68p7x-_67bxRCwgrjvjSQ0h711FpWsHvAfFGTe0s&sid=1688#%E2%98%95%20VPN%20TeaHost%2C%20ub604437083'),(734940228,'vless://574a8f8b-2e4f-4fd4-a337-8ee2f580bb25@92.5.117.232:8443?security=reality&type=tcp&headerType=&path=&host=&sni=yahoo.com&fp=chrome&pbk=leY68p7x-_67bxRCwgrjvjSQ0h711FpWsHvAfFGTe0s&sid=1688#%E2%98%95%20VPN%20TeaHost%2C%20ub734940228'),(740280481,'vless://2dc6955e-a01e-42bf-b3bf-5f9f678ee753@92.5.117.232:8443?security=reality&type=tcp&headerType=&path=&host=&sni=yahoo.com&fp=chrome&pbk=leY68p7x-_67bxRCwgrjvjSQ0h711FpWsHvAfFGTe0s&sid=1688#%E2%98%95%20VPN%20TeaHost%2C%20ub740280481'),(766967361,'vless://23a8707f-b0bf-490d-86bd-67822aa4e0ed@92.5.117.232:8443?security=reality&type=tcp&headerType=&path=&host=&sni=yahoo.com&fp=chrome&pbk=leY68p7x-_67bxRCwgrjvjSQ0h711FpWsHvAfFGTe0s&sid=1688#%E2%98%95%20VPN%20TeaHost%2C%20ub766967361'),(772969727,'vless://9cae61fb-d324-4220-b745-6481eaf03c4e@92.5.117.232:8443?security=reality&type=tcp&headerType=&path=&host=&sni=www.yahoo.com&fp=chrome&pbk=leY68p7x-_67bxRCwgrjvjSQ0h711FpWsHvAfFGTe0s&sid=1688#%E2%98%95%20VPN%20TeaHost%2C%20ub772969727'),(812877930,'vless://8a5fda05-69bd-466c-a474-3c44973b3578@92.5.117.232:8443?security=reality&type=tcp&headerType=&path=&host=&sni=www.yahoo.com&fp=chrome&pbk=leY68p7x-_67bxRCwgrjvjSQ0h711FpWsHvAfFGTe0s&sid=1688#%E2%98%95%20VPN%20TeaHost%2C%20ub812877930'),(824843986,'vless://398689a5-742c-4b2a-92a4-c3e4aa8d2bbc@92.5.117.232:8443?security=reality&type=tcp&headerType=&path=&host=&sni=yahoo.com&fp=chrome&pbk=leY68p7x-_67bxRCwgrjvjSQ0h711FpWsHvAfFGTe0s&sid=1688#%E2%98%95%20VPN%20TeaHost%2C%20ub824843986'),(853569105,'vless://2294cf34-6d21-4f3d-a8c6-648581b052d7@92.5.117.232:8443?security=reality&type=tcp&headerType=&path=&host=&sni=yahoo.com&fp=chrome&pbk=leY68p7x-_67bxRCwgrjvjSQ0h711FpWsHvAfFGTe0s&sid=1688#%E2%98%95%20VPN%20TeaHost%2C%20ub853569105'),(867995626,'vless://9b1d448a-b498-4903-8eb5-4b423ae93969@92.5.117.232:8443?security=reality&type=tcp&headerType=&path=&host=&sni=yahoo.com&fp=chrome&pbk=leY68p7x-_67bxRCwgrjvjSQ0h711FpWsHvAfFGTe0s&sid=1688#%E2%98%95%20VPN%20TeaHost%2C%20ub867995626'),(915670914,'vless://9c71b146-5eed-469d-9995-868a81448f6d@92.5.117.232:8443?security=reality&type=tcp&headerType=&path=&host=&sni=yahoo.com&fp=chrome&pbk=leY68p7x-_67bxRCwgrjvjSQ0h711FpWsHvAfFGTe0s&sid=1688#%E2%98%95%20VPN%20TeaHost%2C%20ub915670914'),(961504576,'vless://48d00b87-81fe-4908-97a8-da201e2e29e3@92.5.117.232:8443?security=reality&type=tcp&headerType=&path=&host=&sni=yahoo.com&fp=chrome&pbk=leY68p7x-_67bxRCwgrjvjSQ0h711FpWsHvAfFGTe0s&sid=1688#%E2%98%95%20VPN%20TeaHost%2C%20ub961504576'),(1084116847,'vless://dc1bca7e-4d98-4ec7-aebc-7bec991e6d94@92.5.117.232:8443?security=reality&type=tcp&headerType=&path=&host=&sni=www.yahoo.com&fp=chrome&pbk=leY68p7x-_67bxRCwgrjvjSQ0h711FpWsHvAfFGTe0s&sid=1688#%E2%98%95%20VPN%20TeaHost%2C%20ub1084116847'),(1180547624,'vless://930a6300-fb27-44db-8b93-73fcb7e1e0ee@92.5.117.232:8443?security=reality&type=tcp&headerType=&path=&host=&sni=yahoo.com&fp=chrome&pbk=leY68p7x-_67bxRCwgrjvjSQ0h711FpWsHvAfFGTe0s&sid=1688#%E2%98%95%20VPN%20TeaHost%2C%20ub1180547624'),(1201543071,'vless://0af1e8c4-7b3f-4976-8ffd-00b237683ccf@92.5.117.232:8443?security=reality&type=tcp&headerType=&path=&host=&sni=www.yahoo.com&fp=chrome&pbk=leY68p7x-_67bxRCwgrjvjSQ0h711FpWsHvAfFGTe0s&sid=1688#%E2%98%95%20VPN%20TeaHost%2C%20ub1201543071'),(1244114904,'vless://da3b03f4-54fe-4bd6-850b-bfab20a2d2c1@92.5.117.232:8443?security=reality&type=tcp&headerType=&path=&host=&sni=www.yahoo.com&fp=chrome&pbk=leY68p7x-_67bxRCwgrjvjSQ0h711FpWsHvAfFGTe0s&sid=1688#%E2%98%95%20VPN%20TeaHost%2C%20ub1244114904'),(1342753940,'vless://d22ea97b-ad8b-4624-a6a4-3f64af2c7003@92.5.117.232:8443?security=reality&type=tcp&headerType=&path=&host=&sni=www.yahoo.com&fp=chrome&pbk=leY68p7x-_67bxRCwgrjvjSQ0h711FpWsHvAfFGTe0s&sid=1688#%E2%98%95%20VPN%20TeaHost%2C%20ub1342753940'),(1399154743,'vless://dfa6ae77-3c99-4c16-8a93-146c325c3008@92.5.117.232:8443?security=reality&type=tcp&headerType=&path=&host=&sni=yahoo.com&fp=chrome&pbk=leY68p7x-_67bxRCwgrjvjSQ0h711FpWsHvAfFGTe0s&sid=1688#%E2%98%95%20VPN%20TeaHost%2C%20ub1399154743'),(1422977618,'vless://68c88ee8-7f0b-4a3c-9729-68129c2c0529@92.5.117.232:8443?security=reality&type=tcp&headerType=&path=&host=&sni=yahoo.com&fp=chrome&pbk=leY68p7x-_67bxRCwgrjvjSQ0h711FpWsHvAfFGTe0s&sid=1688#%E2%98%95%20VPN%20TeaHost%2C%20ub1422977618'),(1738881388,'vless://785f2fb4-f58f-4eea-bb51-425a62481e69@92.5.117.232:8443?security=reality&type=tcp&headerType=&path=&host=&sni=yahoo.com&fp=chrome&pbk=leY68p7x-_67bxRCwgrjvjSQ0h711FpWsHvAfFGTe0s&sid=1688#%E2%98%95%20VPN%20TeaHost%2C%20ub1738881388'),(1742648077,'vless://a1eb1236-56b8-4d93-9bc3-5147d1977f5f@92.5.117.232:8443?security=reality&type=tcp&headerType=&path=&host=&sni=www.yahoo.com&fp=chrome&pbk=leY68p7x-_67bxRCwgrjvjSQ0h711FpWsHvAfFGTe0s&sid=1688#%E2%98%95%20VPN%20TeaHost%2C%20ub1742648077'),(1863611627,'vless://f37890e2-41d6-41e4-a620-26078aba62c9@92.5.117.232:8443?security=reality&type=tcp&headerType=&path=&host=&sni=yahoo.com&fp=chrome&pbk=leY68p7x-_67bxRCwgrjvjSQ0h711FpWsHvAfFGTe0s&sid=1688#%E2%98%95%20VPN%20TeaHost%2C%20ub1863611627'),(1891722582,'vless://7b07e980-87c1-470b-88aa-0ded770f60e5@92.5.117.232:8443?security=reality&type=tcp&headerType=&path=&host=&sni=www.yahoo.com&fp=chrome&pbk=leY68p7x-_67bxRCwgrjvjSQ0h711FpWsHvAfFGTe0s&sid=1688#%E2%98%95%20VPN%20TeaHost%2C%20ub1891722582'),(1989732383,'vless://8b98a80a-31a7-4bb7-8494-4843956ca6e6@92.5.117.232:8443?security=reality&type=tcp&headerType=&path=&host=&sni=www.yahoo.com&fp=chrome&pbk=leY68p7x-_67bxRCwgrjvjSQ0h711FpWsHvAfFGTe0s&sid=1688#%E2%98%95%20VPN%20TeaHost%2C%20ub1989732383'),(2040963519,'vless://fb97722f-73fc-4a98-b11d-12aa1c072154@92.5.117.232:8443?security=reality&type=tcp&headerType=&path=&host=&sni=www.yahoo.com&fp=chrome&pbk=leY68p7x-_67bxRCwgrjvjSQ0h711FpWsHvAfFGTe0s&sid=1688#%E2%98%95%20VPN%20TeaHost%2C%20ub2040963519'),(5025951301,'vless://d59d6040-79f5-46a5-b37a-63bb354a3759@92.5.117.232:8443?security=reality&type=tcp&headerType=&path=&host=&sni=yahoo.com&fp=chrome&pbk=leY68p7x-_67bxRCwgrjvjSQ0h711FpWsHvAfFGTe0s&sid=1688#%E2%98%95%20VPN%20TeaHost%2C%20ub5025951301'),(5119666319,'vless://a14b65b3-fd25-4c1a-951a-8e2071bf3fbd@92.5.117.232:8443?security=reality&type=tcp&headerType=&path=&host=&sni=yahoo.com&fp=chrome&pbk=leY68p7x-_67bxRCwgrjvjSQ0h711FpWsHvAfFGTe0s&sid=1688#%E2%98%95%20VPN%20TeaHost%2C%20ub5119666319'),(5213277052,'vless://2ee7fd0a-5589-4413-b704-b09042449bd5@92.5.117.232:8443?security=reality&type=tcp&headerType=&path=&host=&sni=www.yahoo.com&fp=chrome&pbk=leY68p7x-_67bxRCwgrjvjSQ0h711FpWsHvAfFGTe0s&sid=1688#%E2%98%95%20VPN%20TeaHost%2C%20ub5213277052'),(5237169900,'vless://dd990b0a-e2e4-483b-88c4-758b53e90868@92.5.117.232:8443?security=reality&type=tcp&headerType=&path=&host=&sni=yahoo.com&fp=chrome&pbk=leY68p7x-_67bxRCwgrjvjSQ0h711FpWsHvAfFGTe0s&sid=1688#%E2%98%95%20VPN%20TeaHost%2C%20ub5237169900'),(5261650590,'vless://8f0f9ba7-4256-4bff-8371-03714db5f4c3@92.5.117.232:8443?security=reality&type=tcp&headerType=&path=&host=&sni=yahoo.com&fp=chrome&pbk=leY68p7x-_67bxRCwgrjvjSQ0h711FpWsHvAfFGTe0s&sid=1688#%E2%98%95%20VPN%20TeaHost%2C%20ub5261650590'),(5283100992,'vless://7d9106a6-a351-4158-8c64-a878df13247b@92.5.117.232:8443?security=reality&type=tcp&headerType=&path=&host=&sni=yahoo.com&fp=chrome&pbk=leY68p7x-_67bxRCwgrjvjSQ0h711FpWsHvAfFGTe0s&sid=1688#%E2%98%95%20VPN%20TeaHost%2C%20ub5283100992'),(5292807691,'vless://08856f10-9d13-42b7-bac5-2b64c62ff6a8@92.5.117.232:8443?security=reality&type=tcp&headerType=&path=&host=&sni=yahoo.com&fp=chrome&pbk=leY68p7x-_67bxRCwgrjvjSQ0h711FpWsHvAfFGTe0s&sid=1688#%E2%98%95%20VPN%20TeaHost%2C%20ub5292807691'),(5341000884,'vless://da5d18b9-a334-456e-aeb7-122215507e2f@92.5.117.232:8443?security=reality&type=tcp&headerType=&path=&host=&sni=www.yahoo.com&fp=chrome&pbk=leY68p7x-_67bxRCwgrjvjSQ0h711FpWsHvAfFGTe0s&sid=1688#%E2%98%95%20VPN%20TeaHost%2C%20ub5341000884'),(5506633170,'vless://e302d561-56e3-4f8f-9149-2ea9478ed262@92.5.117.232:8443?security=reality&type=tcp&headerType=&path=&host=&sni=yahoo.com&fp=chrome&pbk=leY68p7x-_67bxRCwgrjvjSQ0h711FpWsHvAfFGTe0s&sid=1688#%E2%98%95%20VPN%20TeaHost%2C%20ub5506633170'),(5567802713,'vless://cfe1fbf2-2e7b-47b2-84d5-776dcd93f9fc@92.5.117.232:8443?security=reality&type=tcp&headerType=&path=&host=&sni=yahoo.com&fp=chrome&pbk=leY68p7x-_67bxRCwgrjvjSQ0h711FpWsHvAfFGTe0s&sid=1688#%E2%98%95%20VPN%20TeaHost%2C%20ub5567802713'),(5622466646,'vless://0b733db9-0612-44fc-a071-17c4a2d936b4@92.5.117.232:8443?security=reality&type=tcp&headerType=&path=&host=&sni=yahoo.com&fp=chrome&pbk=leY68p7x-_67bxRCwgrjvjSQ0h711FpWsHvAfFGTe0s&sid=1688#%E2%98%95%20VPN%20TeaHost%2C%20ub5622466646'),(5662645440,'vless://4974c389-937d-4634-98a3-9dfaa259ec41@92.5.117.232:8443?security=reality&type=tcp&headerType=&path=&host=&sni=www.yahoo.com&fp=chrome&pbk=leY68p7x-_67bxRCwgrjvjSQ0h711FpWsHvAfFGTe0s&sid=1688#%E2%98%95%20VPN%20TeaHost%2C%20ub5662645440'),(5754471909,'vless://fe6222e4-7237-4d22-9bd2-20d9d18a4436@92.5.117.232:8443?security=reality&type=tcp&headerType=&path=&host=&sni=www.yahoo.com&fp=chrome&pbk=leY68p7x-_67bxRCwgrjvjSQ0h711FpWsHvAfFGTe0s&sid=1688#%E2%98%95%20VPN%20TeaHost%2C%20ub5754471909'),(5801754918,'vless://7cd4e18d-8111-44b3-9615-40a011b4cf83@92.5.117.232:8443?security=reality&type=tcp&headerType=&path=&host=&sni=yahoo.com&fp=chrome&pbk=leY68p7x-_67bxRCwgrjvjSQ0h711FpWsHvAfFGTe0s&sid=1688#%E2%98%95%20VPN%20TeaHost%2C%20ub5801754918'),(5906606905,'vless://fff539de-fb03-45e7-8ac9-394a54a815d3@92.5.117.232:8443?security=reality&type=tcp&headerType=&path=&host=&sni=yahoo.com&fp=chrome&pbk=leY68p7x-_67bxRCwgrjvjSQ0h711FpWsHvAfFGTe0s&sid=1688#%E2%98%95%20VPN%20TeaHost%2C%20ub5906606905'),(5911523601,'vless://16c6709b-996c-4c3b-9905-260e1b00a0cf@92.5.117.232:8443?security=reality&type=tcp&headerType=&path=&host=&sni=yahoo.com&fp=chrome&pbk=leY68p7x-_67bxRCwgrjvjSQ0h711FpWsHvAfFGTe0s&sid=1688#%E2%98%95%20VPN%20TeaHost%2C%20ub5911523601'),(5924359761,'vless://7fc72049-fd7b-4a35-95dc-29f8301fb8b6@92.5.117.232:8443?security=reality&type=tcp&headerType=&path=&host=&sni=www.yahoo.com&fp=chrome&pbk=leY68p7x-_67bxRCwgrjvjSQ0h711FpWsHvAfFGTe0s&sid=1688#%E2%98%95%20VPN%20TeaHost%2C%20ub5924359761'),(5941415177,'vless://87c2bd87-b24a-47af-b623-92c878f16c0a@92.5.117.232:8443?security=reality&type=tcp&headerType=&path=&host=&sni=www.yahoo.com&fp=chrome&pbk=leY68p7x-_67bxRCwgrjvjSQ0h711FpWsHvAfFGTe0s&sid=1688#%E2%98%95%20VPN%20TeaHost%2C%20ub5941415177'),(5973589892,'vless://56fe3e2b-d652-43fd-9669-769598f23dda@92.5.117.232:8443?security=reality&type=tcp&headerType=&path=&host=&sni=www.yahoo.com&fp=chrome&pbk=leY68p7x-_67bxRCwgrjvjSQ0h711FpWsHvAfFGTe0s&sid=1688#%E2%98%95%20VPN%20TeaHost%2C%20ub5973589892'),(6020965582,'vless://e6f12c52-486c-49a2-bec7-824ea80c50f0@92.5.117.232:8443?security=reality&type=tcp&headerType=&path=&host=&sni=yahoo.com&fp=chrome&pbk=leY68p7x-_67bxRCwgrjvjSQ0h711FpWsHvAfFGTe0s&sid=1688#%E2%98%95%20VPN%20TeaHost%2C%20ub6020965582'),(6036593342,'vless://f8efbd8e-1ef5-46bd-8a73-6b9da2ba532e@92.5.117.232:8443?security=reality&type=tcp&headerType=&path=&host=&sni=yahoo.com&fp=chrome&pbk=leY68p7x-_67bxRCwgrjvjSQ0h711FpWsHvAfFGTe0s&sid=1688#%E2%98%95%20VPN%20TeaHost%2C%20ub6036593342'),(6053067826,'vless://e54c82e3-f606-443b-a13b-74ec183d09b5@92.5.117.232:8443?security=reality&type=tcp&headerType=&path=&host=&sni=www.yahoo.com&fp=chrome&pbk=leY68p7x-_67bxRCwgrjvjSQ0h711FpWsHvAfFGTe0s&sid=1688#%E2%98%95%20VPN%20TeaHost%2C%20ub6053067826'),(6169359403,'vless://2aafd09e-1962-4d3c-bc6d-051b28400a91@92.5.117.232:8443?security=reality&type=tcp&headerType=&path=&host=&sni=yahoo.com&fp=chrome&pbk=leY68p7x-_67bxRCwgrjvjSQ0h711FpWsHvAfFGTe0s&sid=1688#%E2%98%95%20VPN%20TeaHost%2C%20ub6169359403'),(6188190329,'vless://a3e566de-5010-4ff8-ae73-ef9a845256df@92.5.117.232:8443?security=reality&type=tcp&headerType=&path=&host=&sni=www.yahoo.com&fp=chrome&pbk=leY68p7x-_67bxRCwgrjvjSQ0h711FpWsHvAfFGTe0s&sid=1688#%E2%98%95%20VPN%20TeaHost%2C%20ub6188190329'),(6204024154,'vless://d049f12d-61ae-4ae7-b56c-ef41336f4fcf@92.5.117.232:8443?security=reality&type=tcp&headerType=&path=&host=&sni=yahoo.com&fp=chrome&pbk=leY68p7x-_67bxRCwgrjvjSQ0h711FpWsHvAfFGTe0s&sid=1688#%E2%98%95%20VPN%20TeaHost%2C%20ub6204024154'),(6328237232,'vless://a80f0a3a-a103-4087-a081-accd5dca0637@92.5.117.232:8443?security=reality&type=tcp&headerType=&path=&host=&sni=yahoo.com&fp=chrome&pbk=leY68p7x-_67bxRCwgrjvjSQ0h711FpWsHvAfFGTe0s&sid=1688#%E2%98%95%20VPN%20TeaHost%2C%20ub6328237232'),(6408110132,'vless://2ff187f8-0914-4806-bcc1-7d8a54802c99@92.5.117.232:8443?security=reality&type=tcp&headerType=&path=&host=&sni=yahoo.com&fp=chrome&pbk=leY68p7x-_67bxRCwgrjvjSQ0h711FpWsHvAfFGTe0s&sid=1688#%E2%98%95%20VPN%20TeaHost%2C%20ub6408110132'),(6409706997,'vless://0b44948c-41b0-4172-a1f9-3d82f6c5a41a@92.5.117.232:8443?security=reality&type=tcp&headerType=&path=&host=&sni=yahoo.com&fp=chrome&pbk=leY68p7x-_67bxRCwgrjvjSQ0h711FpWsHvAfFGTe0s&sid=1688#%E2%98%95%20VPN%20TeaHost%2C%20ub6409706997'),(6421914854,'vless://4472efe4-e781-4857-930f-3b26461d6fd9@92.5.117.232:8443?security=reality&type=tcp&headerType=&path=&host=&sni=www.yahoo.com&fp=chrome&pbk=leY68p7x-_67bxRCwgrjvjSQ0h711FpWsHvAfFGTe0s&sid=1688#%E2%98%95%20VPN%20TeaHost%2C%20ub6421914854'),(6447997589,'vless://9b6c1a8b-ac54-4ab6-986b-4c8e603e79f1@92.5.117.232:8443?security=reality&type=tcp&headerType=&path=&host=&sni=www.yahoo.com&fp=chrome&pbk=leY68p7x-_67bxRCwgrjvjSQ0h711FpWsHvAfFGTe0s&sid=1688#%E2%98%95%20VPN%20TeaHost%2C%20ub6447997589'),(6457066746,'vless://c073abe5-afad-452f-adf4-e159ab7e77f6@92.5.117.232:8443?security=reality&type=tcp&headerType=&path=&host=&sni=yahoo.com&fp=chrome&pbk=leY68p7x-_67bxRCwgrjvjSQ0h711FpWsHvAfFGTe0s&sid=1688#%E2%98%95%20VPN%20TeaHost%2C%20ub6457066746'),(6463195623,'vless://a6c803ae-4cb6-491e-9477-721e66db8abc@92.5.117.232:8443?security=reality&type=tcp&headerType=&path=&host=&sni=yahoo.com&fp=chrome&pbk=leY68p7x-_67bxRCwgrjvjSQ0h711FpWsHvAfFGTe0s&sid=1688#%E2%98%95%20VPN%20TeaHost%2C%20ub6463195623'),(6479608467,'vless://4f33980e-b555-4c98-8b9e-a538b33db1ab@92.5.117.232:8443?security=reality&type=tcp&headerType=&path=&host=&sni=www.yahoo.com&fp=chrome&pbk=leY68p7x-_67bxRCwgrjvjSQ0h711FpWsHvAfFGTe0s&sid=1688#%E2%98%95%20VPN%20TeaHost%2C%20ub6479608467'),(6489892269,'vless://0e6accdb-05ff-4e6f-9434-fc9fe72df36c@92.5.117.232:8443?security=reality&type=tcp&headerType=&path=&host=&sni=www.yahoo.com&fp=chrome&pbk=leY68p7x-_67bxRCwgrjvjSQ0h711FpWsHvAfFGTe0s&sid=1688#%E2%98%95%20VPN%20TeaHost%2C%20ub6489892269'),(6606581855,'vless://a4f2fd7e-0b5f-43b3-9f5e-247347b57659@92.5.117.232:8443?security=reality&type=tcp&headerType=&path=&host=&sni=www.yahoo.com&fp=chrome&pbk=leY68p7x-_67bxRCwgrjvjSQ0h711FpWsHvAfFGTe0s&sid=1688#%E2%98%95%20VPN%20TeaHost%2C%20ub6606581855'),(6609737024,'vless://56738367-b465-4c9f-b4eb-edfb04f2b6bb@92.5.117.232:8443?security=reality&type=tcp&headerType=&path=&host=&sni=yahoo.com&fp=chrome&pbk=leY68p7x-_67bxRCwgrjvjSQ0h711FpWsHvAfFGTe0s&sid=1688#%E2%98%95%20VPN%20TeaHost%2C%20ub6609737024'),(6609899176,'vless://b1f169bf-fbe9-46cd-9746-8a8b47cae618@92.5.117.232:8443?security=reality&type=tcp&headerType=&path=&host=&sni=www.yahoo.com&fp=chrome&pbk=leY68p7x-_67bxRCwgrjvjSQ0h711FpWsHvAfFGTe0s&sid=1688#%E2%98%95%20VPN%20TeaHost%2C%20ub6609899176'),(6610444630,'vless://519bdfd1-0ab1-447e-9ca9-2d039f021653@92.5.117.232:8443?security=reality&type=tcp&headerType=&path=&host=&sni=www.yahoo.com&fp=chrome&pbk=leY68p7x-_67bxRCwgrjvjSQ0h711FpWsHvAfFGTe0s&sid=1688#%E2%98%95%20VPN%20TeaHost%2C%20ub6610444630'),(6617875834,'vless://197cc614-33b4-4303-9f56-435e5ed264ea@92.5.117.232:8443?security=reality&type=tcp&headerType=&path=&host=&sni=yahoo.com&fp=chrome&pbk=leY68p7x-_67bxRCwgrjvjSQ0h711FpWsHvAfFGTe0s&sid=1688#%E2%98%95%20VPN%20TeaHost%2C%20ub6617875834'),(6680947309,'vless://d817802a-c423-4cb0-9bd2-42a7b4c565b2@92.5.117.232:8443?security=reality&type=tcp&headerType=&path=&host=&sni=yahoo.com&fp=chrome&pbk=leY68p7x-_67bxRCwgrjvjSQ0h711FpWsHvAfFGTe0s&sid=1688#%E2%98%95%20VPN%20TeaHost%2C%20ub6680947309'),(6832985197,'vless://cad9a554-4c7b-4723-881d-0dae6e176a9d@92.5.117.232:8443?security=reality&type=tcp&headerType=&path=&host=&sni=yahoo.com&fp=chrome&pbk=leY68p7x-_67bxRCwgrjvjSQ0h711FpWsHvAfFGTe0s&sid=1688#%E2%98%95%20VPN%20TeaHost%2C%20ub6832985197'),(6837851698,'vless://aa8d633f-e425-41d2-9d9f-acfc09ed2d1d@92.5.117.232:8443?security=reality&type=tcp&headerType=&path=&host=&sni=www.yahoo.com&fp=chrome&pbk=leY68p7x-_67bxRCwgrjvjSQ0h711FpWsHvAfFGTe0s&sid=1688#%E2%98%95%20VPN%20TeaHost%2C%20ub6837851698'),(6874536138,'vless://0c9c11b2-b03c-4c85-926c-6edf094c5b89@92.5.117.232:8443?security=reality&type=tcp&headerType=&path=&host=&sni=www.yahoo.com&fp=chrome&pbk=leY68p7x-_67bxRCwgrjvjSQ0h711FpWsHvAfFGTe0s&sid=1688#%E2%98%95%20VPN%20TeaHost%2C%20ub6874536138'),(6890242569,'vless://8e2f0c4f-b7d8-4038-84ee-87829cd719c0@92.5.117.232:8443?security=reality&type=tcp&headerType=&path=&host=&sni=www.yahoo.com&fp=chrome&pbk=leY68p7x-_67bxRCwgrjvjSQ0h711FpWsHvAfFGTe0s&sid=1688#%E2%98%95%20VPN%20TeaHost%2C%20ub6890242569'),(6903684402,'vless://891e705e-6875-4020-967a-8cebce3c77da@92.5.117.232:8443?security=reality&type=tcp&headerType=&path=&host=&sni=www.yahoo.com&fp=chrome&pbk=leY68p7x-_67bxRCwgrjvjSQ0h711FpWsHvAfFGTe0s&sid=1688#%E2%98%95%20VPN%20TeaHost%2C%20ub6903684402'),(6938841786,'vless://d53181d1-501b-4efb-b8c5-4c5bea707b89@92.5.117.232:8443?security=reality&type=tcp&headerType=&path=&host=&sni=yahoo.com&fp=chrome&pbk=leY68p7x-_67bxRCwgrjvjSQ0h711FpWsHvAfFGTe0s&sid=1688#%E2%98%95%20VPN%20TeaHost%2C%20ub6938841786'),(7006696044,'vless://7f3fecc5-fa70-4cdf-b0cb-4a186dff2f80@92.5.117.232:8443?security=reality&type=tcp&headerType=&path=&host=&sni=www.yahoo.com&fp=chrome&pbk=leY68p7x-_67bxRCwgrjvjSQ0h711FpWsHvAfFGTe0s&sid=1688#%E2%98%95%20VPN%20TeaHost%2C%20ub7006696044'),(7009829631,'vless://05230790-b598-42ed-af88-629eeeb120e8@92.5.117.232:8443?security=reality&type=tcp&headerType=&path=&host=&sni=yahoo.com&fp=chrome&pbk=leY68p7x-_67bxRCwgrjvjSQ0h711FpWsHvAfFGTe0s&sid=1688#%E2%98%95%20VPN%20TeaHost%2C%20ub7009829631'),(7022907773,'vless://08d0426d-2306-422f-839c-830d8a8345fa@92.5.117.232:8443?security=reality&type=tcp&headerType=&path=&host=&sni=yahoo.com&fp=chrome&pbk=leY68p7x-_67bxRCwgrjvjSQ0h711FpWsHvAfFGTe0s&sid=1688#%E2%98%95%20VPN%20TeaHost%2C%20ub7022907773'),(7048255814,'vless://26bad542-b17d-4c94-9c1b-755c82e901f2@92.5.117.232:8443?security=reality&type=tcp&headerType=&path=&host=&sni=yahoo.com&fp=chrome&pbk=leY68p7x-_67bxRCwgrjvjSQ0h711FpWsHvAfFGTe0s&sid=1688#%E2%98%95%20VPN%20TeaHost%2C%20ub7048255814'),(7059136488,'vless://e2d78ba9-3785-4a10-a457-b16ac0a9be92@92.5.117.232:8443?security=reality&type=tcp&headerType=&path=&host=&sni=yahoo.com&fp=chrome&pbk=leY68p7x-_67bxRCwgrjvjSQ0h711FpWsHvAfFGTe0s&sid=1688#%E2%98%95%20VPN%20TeaHost%2C%20ub7059136488'),(7067117263,'vless://1320981a-13d5-425f-991f-26d77fa3618d@92.5.117.232:8443?security=reality&type=tcp&headerType=&path=&host=&sni=www.yahoo.com&fp=chrome&pbk=leY68p7x-_67bxRCwgrjvjSQ0h711FpWsHvAfFGTe0s&sid=1688#%E2%98%95%20VPN%20TeaHost%2C%20ub7067117263'),(7069083460,'vless://70427a43-d9b5-4a0f-8b01-1ae60dee7300@92.5.117.232:8443?security=reality&type=tcp&headerType=&path=&host=&sni=www.yahoo.com&fp=chrome&pbk=leY68p7x-_67bxRCwgrjvjSQ0h711FpWsHvAfFGTe0s&sid=1688#%E2%98%95%20VPN%20TeaHost%2C%20ub7069083460'),(7096725222,'vless://3ceeca6e-a3d3-46f8-8993-e8937a679589@92.5.117.232:8443?security=reality&type=tcp&headerType=&path=&host=&sni=www.yahoo.com&fp=chrome&pbk=leY68p7x-_67bxRCwgrjvjSQ0h711FpWsHvAfFGTe0s&sid=1688#%E2%98%95%20VPN%20TeaHost%2C%20ub7096725222'),(7123621276,'vless://b95668f6-049d-47da-b3ec-36204848f20a@92.5.117.232:8443?security=reality&type=tcp&headerType=&path=&host=&sni=www.yahoo.com&fp=chrome&pbk=leY68p7x-_67bxRCwgrjvjSQ0h711FpWsHvAfFGTe0s&sid=1688#%E2%98%95%20VPN%20TeaHost%2C%20ub7123621276'),(7140810567,'vless://4fb14725-9d0a-42bd-8056-26c18a8a0151@92.5.117.232:8443?security=reality&type=tcp&headerType=&path=&host=&sni=yahoo.com&fp=chrome&pbk=leY68p7x-_67bxRCwgrjvjSQ0h711FpWsHvAfFGTe0s&sid=1688#%E2%98%95%20VPN%20TeaHost%2C%20ub7140810567'),(7145117452,'vless://a690b8de-8e34-4e8f-8291-0ca87b25602f@92.5.117.232:8443?security=reality&type=tcp&headerType=&path=&host=&sni=www.yahoo.com&fp=chrome&pbk=leY68p7x-_67bxRCwgrjvjSQ0h711FpWsHvAfFGTe0s&sid=1688#%E2%98%95%20VPN%20TeaHost%2C%20ub7145117452'),(7152352452,'vless://bd30cd3a-2d11-4a12-9fac-827586beb982@92.5.117.232:8443?security=reality&type=tcp&headerType=&path=&host=&sni=www.yahoo.com&fp=chrome&pbk=leY68p7x-_67bxRCwgrjvjSQ0h711FpWsHvAfFGTe0s&sid=1688#%E2%98%95%20VPN%20TeaHost%2C%20ub7152352452'),(7179828192,'vless://c0c68cb9-05c3-4024-ba91-701dd522180b@92.5.117.232:8443?security=reality&type=tcp&headerType=&path=&host=&sni=yahoo.com&fp=chrome&pbk=leY68p7x-_67bxRCwgrjvjSQ0h711FpWsHvAfFGTe0s&sid=1688#%E2%98%95%20VPN%20TeaHost%2C%20ub7179828192'),(7217187199,'vless://bf9bc630-f038-4070-9a1b-841289f59d72@92.5.117.232:8443?security=reality&type=tcp&headerType=&path=&host=&sni=yahoo.com&fp=chrome&pbk=leY68p7x-_67bxRCwgrjvjSQ0h711FpWsHvAfFGTe0s&sid=1688#%E2%98%95%20VPN%20TeaHost%2C%20ub7217187199'),(7235277658,'vless://d9251178-b3a2-463e-b444-7ff29b340201@92.5.117.232:8443?security=reality&type=tcp&headerType=&path=&host=&sni=www.yahoo.com&fp=chrome&pbk=leY68p7x-_67bxRCwgrjvjSQ0h711FpWsHvAfFGTe0s&sid=1688#%E2%98%95%20VPN%20TeaHost%2C%20ub7235277658'),(7331313760,'vless://8c25b1bf-86fa-45b2-9954-343803db41f9@92.5.117.232:8443?security=reality&type=tcp&headerType=&path=&host=&sni=www.yahoo.com&fp=chrome&pbk=leY68p7x-_67bxRCwgrjvjSQ0h711FpWsHvAfFGTe0s&sid=1688#%E2%98%95%20VPN%20TeaHost%2C%20ub7331313760'),(7345823423,'vless://d550b3b7-946d-4b57-ad73-824d2a97e300@92.5.117.232:8443?security=reality&type=tcp&headerType=&path=&host=&sni=yahoo.com&fp=chrome&pbk=leY68p7x-_67bxRCwgrjvjSQ0h711FpWsHvAfFGTe0s&sid=1688#%E2%98%95%20VPN%20TeaHost%2C%20ub7345823423'),(7347437322,'vless://6e0e4103-1291-4f31-a3f2-34f18899c7c0@92.5.117.232:8443?security=reality&type=tcp&headerType=&path=&host=&sni=yahoo.com&fp=chrome&pbk=leY68p7x-_67bxRCwgrjvjSQ0h711FpWsHvAfFGTe0s&sid=1688#%E2%98%95%20VPN%20TeaHost%2C%20ub7347437322'),(7435209057,'vless://1007c476-9d66-47ea-89b6-4d5cf2e0bf33@92.5.117.232:8443?security=reality&type=tcp&headerType=&path=&host=&sni=yahoo.com&fp=chrome&pbk=leY68p7x-_67bxRCwgrjvjSQ0h711FpWsHvAfFGTe0s&sid=1688#%E2%98%95%20VPN%20TeaHost%2C%20ub7435209057'),(7467472235,'vless://67c07f20-3653-4b3e-a764-562e4b1e1cad@92.5.117.232:8443?security=reality&type=tcp&headerType=&path=&host=&sni=yahoo.com&fp=chrome&pbk=leY68p7x-_67bxRCwgrjvjSQ0h711FpWsHvAfFGTe0s&sid=1688#%E2%98%95%20VPN%20TeaHost%2C%20ub7467472235'),(7506417148,'vless://540b9ed6-8aab-4606-a45d-068729b4f6ef@92.5.117.232:8443?security=reality&type=tcp&headerType=&path=&host=&sni=www.yahoo.com&fp=chrome&pbk=leY68p7x-_67bxRCwgrjvjSQ0h711FpWsHvAfFGTe0s&sid=1688#%E2%98%95%20VPN%20TeaHost%2C%20ub7506417148'),(7518868370,'vless://9d6a5135-ced9-436b-a635-07edd0737e0d@92.5.117.232:8443?security=reality&type=tcp&headerType=&path=&host=&sni=yahoo.com&fp=chrome&pbk=leY68p7x-_67bxRCwgrjvjSQ0h711FpWsHvAfFGTe0s&sid=1688#%E2%98%95%20VPN%20TeaHost%2C%20ub7518868370'),(7567083947,'vless://179b6f71-b90a-4f88-ad15-10e3b95065a8@92.5.117.232:8443?security=reality&type=tcp&headerType=&path=&host=&sni=www.yahoo.com&fp=chrome&pbk=leY68p7x-_67bxRCwgrjvjSQ0h711FpWsHvAfFGTe0s&sid=1688#%E2%98%95%20VPN%20TeaHost%2C%20ub7567083947'),(7574615355,'vless://4245431f-3581-43ff-8742-a11e341ab388@92.5.117.232:8443?security=reality&type=tcp&headerType=&path=&host=&sni=www.yahoo.com&fp=chrome&pbk=leY68p7x-_67bxRCwgrjvjSQ0h711FpWsHvAfFGTe0s&sid=1688#%E2%98%95%20VPN%20TeaHost%2C%20ub7574615355'),(7606681002,'vless://ee8a90e1-d73e-4125-bc21-121a76e5a6b9@92.5.117.232:8443?security=reality&type=tcp&headerType=&path=&host=&sni=www.yahoo.com&fp=chrome&pbk=leY68p7x-_67bxRCwgrjvjSQ0h711FpWsHvAfFGTe0s&sid=1688#%E2%98%95%20VPN%20TeaHost%2C%20ub7606681002'),(7612510490,'vless://8bcac772-0795-4645-b926-01494dcc0d19@92.5.117.232:8443?security=reality&type=tcp&headerType=&path=&host=&sni=yahoo.com&fp=chrome&pbk=leY68p7x-_67bxRCwgrjvjSQ0h711FpWsHvAfFGTe0s&sid=1688#%E2%98%95%20VPN%20TeaHost%2C%20ub7612510490'),(7613926862,'vless://88964c88-d03a-4082-bca6-3afe4b190da1@92.5.117.232:8443?security=reality&type=tcp&headerType=&path=&host=&sni=yahoo.com&fp=chrome&pbk=leY68p7x-_67bxRCwgrjvjSQ0h711FpWsHvAfFGTe0s&sid=1688#%E2%98%95%20VPN%20TeaHost%2C%20ub7613926862'),(7615671178,'vless://234188e6-8a85-490c-90a0-f2f6e1aa5753@92.5.117.232:8443?security=reality&type=tcp&headerType=&path=&host=&sni=yahoo.com&fp=chrome&pbk=leY68p7x-_67bxRCwgrjvjSQ0h711FpWsHvAfFGTe0s&sid=1688#%E2%98%95%20VPN%20TeaHost%2C%20ub7615671178'),(7636170713,'vless://e1a510ea-1eb4-436c-b14f-561fa6a14e36@92.5.117.232:8443?security=reality&type=tcp&headerType=&path=&host=&sni=yahoo.com&fp=chrome&pbk=leY68p7x-_67bxRCwgrjvjSQ0h711FpWsHvAfFGTe0s&sid=1688#%E2%98%95%20VPN%20TeaHost%2C%20ub7636170713'),(7637097552,'vless://a51f6ae1-77ba-4837-98f7-b3858be98ce8@92.5.117.232:8443?security=reality&type=tcp&headerType=&path=&host=&sni=www.yahoo.com&fp=chrome&pbk=leY68p7x-_67bxRCwgrjvjSQ0h711FpWsHvAfFGTe0s&sid=1688#%E2%98%95%20VPN%20TeaHost%2C%20ub7637097552'),(7639555830,'vless://c1adc1a7-f463-4830-8260-8713dd636ff7@92.5.117.232:8443?security=reality&type=tcp&headerType=&path=&host=&sni=www.yahoo.com&fp=chrome&pbk=leY68p7x-_67bxRCwgrjvjSQ0h711FpWsHvAfFGTe0s&sid=1688#%E2%98%95%20VPN%20TeaHost%2C%20ub7639555830'),(7651269075,'vless://d44bc460-40e2-4eb1-873f-db8ea07d5ce4@92.5.117.232:8443?security=reality&type=tcp&headerType=&path=&host=&sni=yahoo.com&fp=chrome&pbk=leY68p7x-_67bxRCwgrjvjSQ0h711FpWsHvAfFGTe0s&sid=1688#%E2%98%95%20VPN%20TeaHost%2C%20ub7651269075'),(7672360568,'vless://ca27c4c8-548f-46b7-9426-70033e2d486c@92.5.117.232:8443?security=reality&type=tcp&headerType=&path=&host=&sni=yahoo.com&fp=chrome&pbk=leY68p7x-_67bxRCwgrjvjSQ0h711FpWsHvAfFGTe0s&sid=1688#%E2%98%95%20VPN%20TeaHost%2C%20ub7672360568'),(7675886586,'vless://3ff78043-5204-408f-b996-103ddf944c3c@92.5.117.232:8443?security=reality&type=tcp&headerType=&path=&host=&sni=www.yahoo.com&fp=chrome&pbk=leY68p7x-_67bxRCwgrjvjSQ0h711FpWsHvAfFGTe0s&sid=1688#%E2%98%95%20VPN%20TeaHost%2C%20ub7675886586'),(7698592539,'vless://01d7b7e3-c37c-4fe5-a3d1-3e73eed1cd09@92.5.117.232:8443?security=reality&type=tcp&headerType=&path=&host=&sni=yahoo.com&fp=chrome&pbk=leY68p7x-_67bxRCwgrjvjSQ0h711FpWsHvAfFGTe0s&sid=1688#%E2%98%95%20VPN%20TeaHost%2C%20ub7698592539'),(7717121903,'vless://65bef190-d223-42df-9bf2-f4be7b7fc8ad@92.5.117.232:8443?security=reality&type=tcp&headerType=&path=&host=&sni=yahoo.com&fp=chrome&pbk=leY68p7x-_67bxRCwgrjvjSQ0h711FpWsHvAfFGTe0s&sid=1688#%E2%98%95%20VPN%20TeaHost%2C%20ub7717121903'),(7719197368,'vless://9808cfa0-bb79-4ada-b42e-9fd91c118e39@92.5.117.232:8443?security=reality&type=tcp&headerType=&path=&host=&sni=www.yahoo.com&fp=chrome&pbk=leY68p7x-_67bxRCwgrjvjSQ0h711FpWsHvAfFGTe0s&sid=1688#%E2%98%95%20VPN%20TeaHost%2C%20ub7719197368'),(7735155058,'vless://1cfb627f-ff02-46b3-b26c-b39b915b64f2@92.5.117.232:8443?security=reality&type=tcp&headerType=&path=&host=&sni=yahoo.com&fp=chrome&pbk=leY68p7x-_67bxRCwgrjvjSQ0h711FpWsHvAfFGTe0s&sid=1688#%E2%98%95%20VPN%20TeaHost%2C%20ub7735155058'),(7744838886,'vless://2989689a-978b-4980-85eb-9735b4178d79@92.5.117.232:8443?security=reality&type=tcp&headerType=&path=&host=&sni=yahoo.com&fp=chrome&pbk=leY68p7x-_67bxRCwgrjvjSQ0h711FpWsHvAfFGTe0s&sid=1688#%E2%98%95%20VPN%20TeaHost%2C%20ub7744838886'),(7764527142,'vless://7ef0c73f-6692-4d3d-987f-52accdb2278b@92.5.117.232:8443?security=reality&type=tcp&headerType=&path=&host=&sni=www.yahoo.com&fp=chrome&pbk=leY68p7x-_67bxRCwgrjvjSQ0h711FpWsHvAfFGTe0s&sid=1688#%E2%98%95%20VPN%20TeaHost%2C%20ub7764527142'),(7769473132,'vless://8e822e32-6313-4c12-b1a5-a6dd1e9be6b1@92.5.117.232:8443?security=reality&type=tcp&headerType=&path=&host=&sni=yahoo.com&fp=chrome&pbk=leY68p7x-_67bxRCwgrjvjSQ0h711FpWsHvAfFGTe0s&sid=1688#%E2%98%95%20VPN%20TeaHost%2C%20ub7769473132'),(7792457663,'vless://db82c0fa-14d7-4e96-819c-0a88b0c3abc2@92.5.117.232:8443?security=reality&type=tcp&headerType=&path=&host=&sni=yahoo.com&fp=chrome&pbk=leY68p7x-_67bxRCwgrjvjSQ0h711FpWsHvAfFGTe0s&sid=1688#%E2%98%95%20VPN%20TeaHost%2C%20ub7792457663'),(7803965384,'vless://bed92b7b-853f-4f47-90fc-79c9424d62a6@92.5.117.232:8443?security=reality&type=tcp&headerType=&path=&host=&sni=www.yahoo.com&fp=chrome&pbk=leY68p7x-_67bxRCwgrjvjSQ0h711FpWsHvAfFGTe0s&sid=1688#%E2%98%95%20VPN%20TeaHost%2C%20ub7803965384'),(7804322396,'vless://4e2b78fd-20a3-49cf-81ea-e71250948c3b@92.5.117.232:8443?security=reality&type=tcp&headerType=&path=&host=&sni=yahoo.com&fp=chrome&pbk=leY68p7x-_67bxRCwgrjvjSQ0h711FpWsHvAfFGTe0s&sid=1688#%E2%98%95%20VPN%20TeaHost%2C%20ub7804322396'),(7822370920,'vless://80609449-6b78-48bb-970b-39dfceddb9da@92.5.117.232:8443?security=reality&type=tcp&headerType=&path=&host=&sni=www.yahoo.com&fp=chrome&pbk=leY68p7x-_67bxRCwgrjvjSQ0h711FpWsHvAfFGTe0s&sid=1688#%E2%98%95%20VPN%20TeaHost%2C%20ub7822370920'),(7845768190,'vless://6fa85c50-1313-42a0-a963-c14e63b23811@92.5.117.232:8443?security=reality&type=tcp&headerType=&path=&host=&sni=yahoo.com&fp=chrome&pbk=leY68p7x-_67bxRCwgrjvjSQ0h711FpWsHvAfFGTe0s&sid=1688#%E2%98%95%20VPN%20TeaHost%2C%20ub7845768190'),(7850726979,'vless://9489287b-2744-434a-9cd2-68db160ce084@92.5.117.232:8443?security=reality&type=tcp&headerType=&path=&host=&sni=yahoo.com&fp=chrome&pbk=leY68p7x-_67bxRCwgrjvjSQ0h711FpWsHvAfFGTe0s&sid=1688#%E2%98%95%20VPN%20TeaHost%2C%20ub7850726979'),(7865512021,'vless://b661902d-a118-49c6-b84f-f3b8c461f5b6@92.5.117.232:8443?security=reality&type=tcp&headerType=&path=&host=&sni=www.yahoo.com&fp=chrome&pbk=leY68p7x-_67bxRCwgrjvjSQ0h711FpWsHvAfFGTe0s&sid=1688#%E2%98%95%20VPN%20TeaHost%2C%20ub7865512021'),(7868116959,'vless://09ec246c-7fa1-420c-9515-d07ec66a6c04@92.5.117.232:8443?security=reality&type=tcp&headerType=&path=&host=&sni=www.yahoo.com&fp=chrome&pbk=leY68p7x-_67bxRCwgrjvjSQ0h711FpWsHvAfFGTe0s&sid=1688#%E2%98%95%20VPN%20TeaHost%2C%20ub7868116959'),(7873000105,'vless://785cb8bc-177d-49e3-a60b-c9896f9f20ee@92.5.117.232:8443?security=reality&type=tcp&headerType=&path=&host=&sni=www.yahoo.com&fp=chrome&pbk=leY68p7x-_67bxRCwgrjvjSQ0h711FpWsHvAfFGTe0s&sid=1688#%E2%98%95%20VPN%20TeaHost%2C%20ub7873000105'),(7873571090,'vless://0217cdb9-8595-4fb1-a3a8-13f238646838@92.5.117.232:8443?security=reality&type=tcp&headerType=&path=&host=&sni=yahoo.com&fp=chrome&pbk=leY68p7x-_67bxRCwgrjvjSQ0h711FpWsHvAfFGTe0s&sid=1688#%E2%98%95%20VPN%20TeaHost%2C%20ub7873571090'),(7878264276,'vless://5670654f-cac8-4be5-b2b3-5de3c62b9169@92.5.117.232:8443?security=reality&type=tcp&headerType=&path=&host=&sni=www.yahoo.com&fp=chrome&pbk=leY68p7x-_67bxRCwgrjvjSQ0h711FpWsHvAfFGTe0s&sid=1688#%E2%98%95%20VPN%20TeaHost%2C%20ub7878264276'),(7899224931,'vless://59da9060-efaa-467b-a244-40fc9b06f8ce@92.5.117.232:8443?security=reality&type=tcp&headerType=&path=&host=&sni=yahoo.com&fp=chrome&pbk=leY68p7x-_67bxRCwgrjvjSQ0h711FpWsHvAfFGTe0s&sid=1688#%E2%98%95%20VPN%20TeaHost%2C%20ub7899224931'),(7919260525,'vless://25f0c9df-7146-41bb-a282-19eb8242785b@92.5.117.232:8443?security=reality&type=tcp&headerType=&path=&host=&sni=yahoo.com&fp=chrome&pbk=leY68p7x-_67bxRCwgrjvjSQ0h711FpWsHvAfFGTe0s&sid=1688#%E2%98%95%20VPN%20TeaHost%2C%20ub7919260525'),(7920611029,'vless://a4626fc6-4bd7-4899-942b-beb63773fe7d@92.5.117.232:8443?security=reality&type=tcp&headerType=&path=&host=&sni=www.yahoo.com&fp=chrome&pbk=leY68p7x-_67bxRCwgrjvjSQ0h711FpWsHvAfFGTe0s&sid=1688#%E2%98%95%20VPN%20TeaHost%2C%20ub7920611029'),(7931748946,'vless://a23207a1-846e-4a04-994b-4a004cceac36@92.5.117.232:8443?security=reality&type=tcp&headerType=&path=&host=&sni=www.yahoo.com&fp=chrome&pbk=leY68p7x-_67bxRCwgrjvjSQ0h711FpWsHvAfFGTe0s&sid=1688#%E2%98%95%20VPN%20TeaHost%2C%20ub7931748946'),(7932930857,'vless://321358f0-1994-4611-8bb2-751888725109@92.5.117.232:8443?security=reality&type=tcp&headerType=&path=&host=&sni=yahoo.com&fp=chrome&pbk=leY68p7x-_67bxRCwgrjvjSQ0h711FpWsHvAfFGTe0s&sid=1688#%E2%98%95%20VPN%20TeaHost%2C%20ub7932930857'),(7938154342,'vless://e349cd9e-5e95-4547-9305-907c74787084@92.5.117.232:8443?security=reality&type=tcp&headerType=&path=&host=&sni=yahoo.com&fp=chrome&pbk=leY68p7x-_67bxRCwgrjvjSQ0h711FpWsHvAfFGTe0s&sid=1688#%E2%98%95%20VPN%20TeaHost%2C%20ub7938154342'),(8001328426,'vless://572a4b03-1868-497e-be82-f906b4bc33b7@92.5.117.232:8443?security=reality&type=tcp&headerType=&path=&host=&sni=yahoo.com&fp=chrome&pbk=leY68p7x-_67bxRCwgrjvjSQ0h711FpWsHvAfFGTe0s&sid=1688#%E2%98%95%20VPN%20TeaHost%2C%20ub8001328426'),(8012916530,'vless://10700830-1c8a-4bf8-ae35-8c8aec265831@92.5.117.232:8443?security=reality&type=tcp&headerType=&path=&host=&sni=www.yahoo.com&fp=chrome&pbk=leY68p7x-_67bxRCwgrjvjSQ0h711FpWsHvAfFGTe0s&sid=1688#%E2%98%95%20VPN%20TeaHost%2C%20ub8012916530'),(8028597397,'vless://7c49ca40-17a3-4888-9292-9e563d2e6376@92.5.117.232:8443?security=reality&type=tcp&headerType=&path=&host=&sni=www.yahoo.com&fp=chrome&pbk=leY68p7x-_67bxRCwgrjvjSQ0h711FpWsHvAfFGTe0s&sid=1688#%E2%98%95%20VPN%20TeaHost%2C%20ub8028597397'),(8029598869,'vless://098ca9cc-3f32-482e-b471-d285a431a018@92.5.117.232:8443?security=reality&type=tcp&headerType=&path=&host=&sni=www.yahoo.com&fp=chrome&pbk=leY68p7x-_67bxRCwgrjvjSQ0h711FpWsHvAfFGTe0s&sid=1688#%E2%98%95%20VPN%20TeaHost%2C%20ub8029598869'),(8036527559,'vless://a4389b48-97a2-4db1-ba2e-b95e469d581f@92.5.117.232:8443?security=reality&type=tcp&headerType=&path=&host=&sni=yahoo.com&fp=chrome&pbk=leY68p7x-_67bxRCwgrjvjSQ0h711FpWsHvAfFGTe0s&sid=1688#%E2%98%95%20VPN%20TeaHost%2C%20ub8036527559'),(8037624215,'vless://fad1e052-559d-4534-97aa-d9ad031a5ed7@92.5.117.232:8443?security=reality&type=tcp&headerType=&path=&host=&sni=yahoo.com&fp=chrome&pbk=leY68p7x-_67bxRCwgrjvjSQ0h711FpWsHvAfFGTe0s&sid=1688#%E2%98%95%20VPN%20TeaHost%2C%20ub8037624215'),(8039023342,'vless://438a54d9-6022-4345-8ebb-443e2d0cb2c7@92.5.117.232:8443?security=reality&type=tcp&headerType=&path=&host=&sni=www.yahoo.com&fp=chrome&pbk=leY68p7x-_67bxRCwgrjvjSQ0h711FpWsHvAfFGTe0s&sid=1688#%E2%98%95%20VPN%20TeaHost%2C%20ub8039023342'),(8041391519,'vless://90e7b174-4131-4ab8-ad88-57c4d8fa5fee@92.5.117.232:8443?security=reality&type=tcp&headerType=&path=&host=&sni=www.yahoo.com&fp=chrome&pbk=leY68p7x-_67bxRCwgrjvjSQ0h711FpWsHvAfFGTe0s&sid=1688#%E2%98%95%20VPN%20TeaHost%2C%20ub8041391519'),(8057513929,'vless://e34cfc97-a62f-4f42-a756-f2e2da22804f@92.5.117.232:8443?security=reality&type=tcp&headerType=&path=&host=&sni=yahoo.com&fp=chrome&pbk=leY68p7x-_67bxRCwgrjvjSQ0h711FpWsHvAfFGTe0s&sid=1688#%E2%98%95%20VPN%20TeaHost%2C%20ub8057513929'),(8076594974,'vless://ea8feda6-7f4d-4380-bc3d-7093ccdf5748@92.5.117.232:8443?security=reality&type=tcp&headerType=&path=&host=&sni=www.yahoo.com&fp=chrome&pbk=leY68p7x-_67bxRCwgrjvjSQ0h711FpWsHvAfFGTe0s&sid=1688#%E2%98%95%20VPN%20TeaHost%2C%20ub8076594974'),(8077791094,'vless://b3caac7d-49dd-4fa5-9587-9507af7d1418@92.5.117.232:8443?security=reality&type=tcp&headerType=&path=&host=&sni=www.yahoo.com&fp=chrome&pbk=leY68p7x-_67bxRCwgrjvjSQ0h711FpWsHvAfFGTe0s&sid=1688#%E2%98%95%20VPN%20TeaHost%2C%20ub8077791094'),(8099030437,'vless://a913fe99-2736-4408-aef0-184f2765b26f@92.5.117.232:8443?security=reality&type=tcp&headerType=&path=&host=&sni=yahoo.com&fp=chrome&pbk=leY68p7x-_67bxRCwgrjvjSQ0h711FpWsHvAfFGTe0s&sid=1688#%E2%98%95%20VPN%20TeaHost%2C%20ub8099030437'),(8101535502,'vless://233dcce3-f023-4648-bd29-4252f3b6f228@92.5.117.232:8443?security=reality&type=tcp&headerType=&path=&host=&sni=yahoo.com&fp=chrome&pbk=leY68p7x-_67bxRCwgrjvjSQ0h711FpWsHvAfFGTe0s&sid=1688#%E2%98%95%20VPN%20TeaHost%2C%20ub8101535502'),(8124283820,'vless://2e9bd491-ecb7-4d1c-901f-28287d5482af@92.5.117.232:8443?security=reality&type=tcp&headerType=&path=&host=&sni=yahoo.com&fp=chrome&pbk=leY68p7x-_67bxRCwgrjvjSQ0h711FpWsHvAfFGTe0s&sid=1688#%E2%98%95%20VPN%20TeaHost%2C%20ub8124283820'),(8127360249,'vless://edd02697-647c-4adf-b4a7-58f5b74c9d67@92.5.117.232:8443?security=reality&type=tcp&headerType=&path=&host=&sni=www.yahoo.com&fp=chrome&pbk=leY68p7x-_67bxRCwgrjvjSQ0h711FpWsHvAfFGTe0s&sid=1688#%E2%98%95%20VPN%20TeaHost%2C%20ub8127360249'),(8148022895,'vless://ac2a205c-9b36-42ca-bd63-02b7eb7907dd@92.5.117.232:8443?security=reality&type=tcp&headerType=&path=&host=&sni=yahoo.com&fp=chrome&pbk=leY68p7x-_67bxRCwgrjvjSQ0h711FpWsHvAfFGTe0s&sid=1688#%E2%98%95%20VPN%20TeaHost%2C%20ub8148022895'),(8152271229,'vless://0bcdd3b2-61cb-41f4-88cf-c6aa308ef416@92.5.117.232:8443?security=reality&type=tcp&headerType=&path=&host=&sni=www.yahoo.com&fp=chrome&pbk=leY68p7x-_67bxRCwgrjvjSQ0h711FpWsHvAfFGTe0s&sid=1688#%E2%98%95%20VPN%20TeaHost%2C%20ub8152271229'),(8193013315,'vless://61561f83-7ff5-4f44-8a30-28423dc8dbf9@92.5.117.232:8443?security=reality&type=tcp&headerType=&path=&host=&sni=www.yahoo.com&fp=chrome&pbk=leY68p7x-_67bxRCwgrjvjSQ0h711FpWsHvAfFGTe0s&sid=1688#%E2%98%95%20VPN%20TeaHost%2C%20ub8193013315'),(8213864087,'vless://216e44fd-6093-40ef-9b89-489cea395a95@92.5.117.232:8443?security=reality&type=tcp&headerType=&path=&host=&sni=www.yahoo.com&fp=chrome&pbk=leY68p7x-_67bxRCwgrjvjSQ0h711FpWsHvAfFGTe0s&sid=1688#%E2%98%95%20VPN%20TeaHost%2C%20ub8213864087'),(8233173891,'vless://33ddef13-ce7d-4640-9ae5-aae76452c447@92.5.117.232:8443?security=reality&type=tcp&headerType=&path=&host=&sni=yahoo.com&fp=chrome&pbk=leY68p7x-_67bxRCwgrjvjSQ0h711FpWsHvAfFGTe0s&sid=1688#%E2%98%95%20VPN%20TeaHost%2C%20ub8233173891'),(8240278968,'vless://e5a5d233-7307-4093-82a5-f30285414bb9@92.5.117.232:8443?security=reality&type=tcp&headerType=&path=&host=&sni=yahoo.com&fp=chrome&pbk=leY68p7x-_67bxRCwgrjvjSQ0h711FpWsHvAfFGTe0s&sid=1688#%E2%98%95%20VPN%20TeaHost%2C%20ub8240278968'),(8242915739,'vless://cf56d573-f5af-4f3b-914d-8dc4b98969d6@92.5.117.232:8443?security=reality&type=tcp&headerType=&path=&host=&sni=www.yahoo.com&fp=chrome&pbk=leY68p7x-_67bxRCwgrjvjSQ0h711FpWsHvAfFGTe0s&sid=1688#%E2%98%95%20VPN%20TeaHost%2C%20ub8242915739'),(8251888341,'vless://d503c260-3213-4922-b855-59eb1e0d276f@92.5.117.232:8443?security=reality&type=tcp&headerType=&path=&host=&sni=yahoo.com&fp=chrome&pbk=leY68p7x-_67bxRCwgrjvjSQ0h711FpWsHvAfFGTe0s&sid=1688#%E2%98%95%20VPN%20TeaHost%2C%20ub8251888341'),(8252477712,'vless://ecab838d-6b0b-43b7-9be5-a5f8be20a06c@92.5.117.232:8443?security=reality&type=tcp&headerType=&path=&host=&sni=yahoo.com&fp=chrome&pbk=leY68p7x-_67bxRCwgrjvjSQ0h711FpWsHvAfFGTe0s&sid=1688#%E2%98%95%20VPN%20TeaHost%2C%20ub8252477712'),(8262099275,'vless://02b624f5-7500-465d-a436-96a21dbdf009@92.5.117.232:8443?security=reality&type=tcp&headerType=&path=&host=&sni=www.yahoo.com&fp=chrome&pbk=leY68p7x-_67bxRCwgrjvjSQ0h711FpWsHvAfFGTe0s&sid=1688#%E2%98%95%20VPN%20TeaHost%2C%20ub8262099275'),(8285579114,'vless://e6d90484-5ddd-44a4-9a72-39a7f518e727@92.5.117.232:8443?security=reality&type=tcp&headerType=&path=&host=&sni=www.yahoo.com&fp=chrome&pbk=leY68p7x-_67bxRCwgrjvjSQ0h711FpWsHvAfFGTe0s&sid=1688#%E2%98%95%20VPN%20TeaHost%2C%20ub8285579114'),(8290877754,'vless://385865d9-d2a8-4f33-83bf-60315111834e@92.5.117.232:8443?security=reality&type=tcp&headerType=&path=&host=&sni=www.yahoo.com&fp=chrome&pbk=leY68p7x-_67bxRCwgrjvjSQ0h711FpWsHvAfFGTe0s&sid=1688#%E2%98%95%20VPN%20TeaHost%2C%20ub8290877754'),(8301774337,'vless://932271f6-f998-4bae-ba98-116a360f7431@92.5.117.232:8443?security=reality&type=tcp&headerType=&path=&host=&sni=yahoo.com&fp=chrome&pbk=leY68p7x-_67bxRCwgrjvjSQ0h711FpWsHvAfFGTe0s&sid=1688#%E2%98%95%20VPN%20TeaHost%2C%20ub8301774337'),(8302019092,'vless://521cbce1-eaf6-4dca-9f08-19ba8c13adfb@92.5.117.232:8443?security=reality&type=tcp&headerType=&path=&host=&sni=yahoo.com&fp=chrome&pbk=leY68p7x-_67bxRCwgrjvjSQ0h711FpWsHvAfFGTe0s&sid=1688#%E2%98%95%20VPN%20TeaHost%2C%20ub8302019092'),(8307935011,'vless://67a66114-f4f3-4a78-bd04-3fb6719d9ba1@92.5.117.232:8443?security=reality&type=tcp&headerType=&path=&host=&sni=www.yahoo.com&fp=chrome&pbk=leY68p7x-_67bxRCwgrjvjSQ0h711FpWsHvAfFGTe0s&sid=1688#%E2%98%95%20VPN%20TeaHost%2C%20ub8307935011'),(8324901207,'vless://88998380-af8f-4273-b8cb-b9f38567e0fe@92.5.117.232:8443?security=reality&type=tcp&headerType=&path=&host=&sni=yahoo.com&fp=chrome&pbk=leY68p7x-_67bxRCwgrjvjSQ0h711FpWsHvAfFGTe0s&sid=1688#%E2%98%95%20VPN%20TeaHost%2C%20ub8324901207'),(8354550825,'vless://6f8a485e-959f-477d-b372-1ca3aa6c34b6@92.5.117.232:8443?security=reality&type=tcp&headerType=&path=&host=&sni=www.yahoo.com&fp=chrome&pbk=leY68p7x-_67bxRCwgrjvjSQ0h711FpWsHvAfFGTe0s&sid=1688#%E2%98%95%20VPN%20TeaHost%2C%20ub8354550825'),(8354995042,'vless://bdf0c1da-fe34-47f5-b20f-5027ba81cb32@92.5.117.232:8443?security=reality&type=tcp&headerType=&path=&host=&sni=www.yahoo.com&fp=chrome&pbk=leY68p7x-_67bxRCwgrjvjSQ0h711FpWsHvAfFGTe0s&sid=1688#%E2%98%95%20VPN%20TeaHost%2C%20ub8354995042'),(8377534880,'vless://9bd7c1a6-9011-46bc-9e3b-03b30bee2094@92.5.117.232:8443?security=reality&type=tcp&headerType=&path=&host=&sni=www.yahoo.com&fp=chrome&pbk=leY68p7x-_67bxRCwgrjvjSQ0h711FpWsHvAfFGTe0s&sid=1688#%E2%98%95%20VPN%20TeaHost%2C%20ub8377534880'),(8396150689,'vless://f6c3c525-17a7-4faf-af42-8c099c7c95d2@92.5.117.232:8443?security=reality&type=tcp&headerType=&path=&host=&sni=www.yahoo.com&fp=chrome&pbk=leY68p7x-_67bxRCwgrjvjSQ0h711FpWsHvAfFGTe0s&sid=1688#%E2%98%95%20VPN%20TeaHost%2C%20ub8396150689'),(8405520863,'vless://d2ed90ac-3281-4ab3-909f-8860d30b0f63@92.5.117.232:8443?security=reality&type=tcp&headerType=&path=&host=&sni=yahoo.com&fp=chrome&pbk=leY68p7x-_67bxRCwgrjvjSQ0h711FpWsHvAfFGTe0s&sid=1688#%E2%98%95%20VPN%20TeaHost%2C%20ub8405520863'),(8434281248,'vless://ea9ee868-8815-42bd-915e-4218fd749c1e@92.5.117.232:8443?security=reality&type=tcp&headerType=&path=&host=&sni=www.yahoo.com&fp=chrome&pbk=leY68p7x-_67bxRCwgrjvjSQ0h711FpWsHvAfFGTe0s&sid=1688#%E2%98%95%20VPN%20TeaHost%2C%20ub8434281248'),(8435042389,'vless://db84afed-1264-4df1-8ec6-8be4c3c6f89d@92.5.117.232:8443?security=reality&type=tcp&headerType=&path=&host=&sni=www.yahoo.com&fp=chrome&pbk=leY68p7x-_67bxRCwgrjvjSQ0h711FpWsHvAfFGTe0s&sid=1688#%E2%98%95%20VPN%20TeaHost%2C%20ub8435042389'),(8436293719,'vless://4379f720-df50-4e56-ae7a-c7e375ab6ec8@92.5.117.232:8443?security=reality&type=tcp&headerType=&path=&host=&sni=www.yahoo.com&fp=chrome&pbk=leY68p7x-_67bxRCwgrjvjSQ0h711FpWsHvAfFGTe0s&sid=1688#%E2%98%95%20VPN%20TeaHost%2C%20ub8436293719'),(8441475817,'vless://4c78b5d0-e260-40ec-a2f2-47876283ff7c@92.5.117.232:8443?security=reality&type=tcp&headerType=&path=&host=&sni=yahoo.com&fp=chrome&pbk=leY68p7x-_67bxRCwgrjvjSQ0h711FpWsHvAfFGTe0s&sid=1688#%E2%98%95%20VPN%20TeaHost%2C%20ub8441475817'),(8456140762,'vless://4b21f8b8-8359-436e-95c6-d599b8428ffa@92.5.117.232:8443?security=reality&type=tcp&headerType=&path=&host=&sni=www.yahoo.com&fp=chrome&pbk=leY68p7x-_67bxRCwgrjvjSQ0h711FpWsHvAfFGTe0s&sid=1688#%E2%98%95%20VPN%20TeaHost%2C%20ub8456140762'),(8462787991,'vless://d0dadafc-2c49-47de-bf82-40bfd6051d1c@92.5.117.232:8443?security=reality&type=tcp&headerType=&path=&host=&sni=www.yahoo.com&fp=chrome&pbk=leY68p7x-_67bxRCwgrjvjSQ0h711FpWsHvAfFGTe0s&sid=1688#%E2%98%95%20VPN%20TeaHost%2C%20ub8462787991'),(8469527454,'vless://c8d2491e-c6ac-43a8-ab48-28c3b4b52cdd@92.5.117.232:8443?security=reality&type=tcp&headerType=&path=&host=&sni=www.yahoo.com&fp=chrome&pbk=leY68p7x-_67bxRCwgrjvjSQ0h711FpWsHvAfFGTe0s&sid=1688#%E2%98%95%20VPN%20TeaHost%2C%20ub8469527454'),(8474768740,'vless://981992c4-e25a-4e00-bbb4-24091c2e0f6f@92.5.117.232:8443?security=reality&type=tcp&headerType=&path=&host=&sni=www.yahoo.com&fp=chrome&pbk=leY68p7x-_67bxRCwgrjvjSQ0h711FpWsHvAfFGTe0s&sid=1688#%E2%98%95%20VPN%20TeaHost%2C%20ub8474768740'),(8483983989,'vless://9dfa93c8-767c-48c5-a547-ca55f08ea273@92.5.117.232:8443?security=reality&type=tcp&headerType=&path=&host=&sni=yahoo.com&fp=chrome&pbk=leY68p7x-_67bxRCwgrjvjSQ0h711FpWsHvAfFGTe0s&sid=1688#%E2%98%95%20VPN%20TeaHost%2C%20ub8483983989'),(8491717601,'vless://0f15b8a2-c068-422f-8d4c-b2aef0c463e8@92.5.117.232:8443?security=reality&type=tcp&headerType=&path=&host=&sni=yahoo.com&fp=chrome&pbk=leY68p7x-_67bxRCwgrjvjSQ0h711FpWsHvAfFGTe0s&sid=1688#%E2%98%95%20VPN%20TeaHost%2C%20ub8491717601'),(8495972865,'vless://3defcce9-64f3-4d45-8721-7a27137c33d2@92.5.117.232:8443?security=reality&type=tcp&headerType=&path=&host=&sni=www.yahoo.com&fp=chrome&pbk=leY68p7x-_67bxRCwgrjvjSQ0h711FpWsHvAfFGTe0s&sid=1688#%E2%98%95%20VPN%20TeaHost%2C%20ub8495972865'),(8502447330,'vless://061f9525-a8da-4ae6-9311-78118abd6dd8@92.5.117.232:8443?security=reality&type=tcp&headerType=&path=&host=&sni=www.yahoo.com&fp=chrome&pbk=leY68p7x-_67bxRCwgrjvjSQ0h711FpWsHvAfFGTe0s&sid=1688#%E2%98%95%20VPN%20TeaHost%2C%20ub8502447330'),(8502617286,'vless://ab4f15e8-deba-4985-8285-9c7d0cc7552f@92.5.117.232:8443?security=reality&type=tcp&headerType=&path=&host=&sni=www.yahoo.com&fp=chrome&pbk=leY68p7x-_67bxRCwgrjvjSQ0h711FpWsHvAfFGTe0s&sid=1688#%E2%98%95%20VPN%20TeaHost%2C%20ub8502617286'),(8509063472,'vless://d846f4cd-f487-4c4f-86e2-ceb5cab5ffda@92.5.117.232:8443?security=reality&type=tcp&headerType=&path=&host=&sni=yahoo.com&fp=chrome&pbk=leY68p7x-_67bxRCwgrjvjSQ0h711FpWsHvAfFGTe0s&sid=1688#%E2%98%95%20VPN%20TeaHost%2C%20ub8509063472'),(8572436281,'vless://d4b8558f-6cbd-4180-87d1-e01343a7bc0b@92.5.117.232:8443?security=reality&type=tcp&headerType=&path=&host=&sni=www.yahoo.com&fp=chrome&pbk=leY68p7x-_67bxRCwgrjvjSQ0h711FpWsHvAfFGTe0s&sid=1688#%E2%98%95%20VPN%20TeaHost%2C%20ub8572436281'),(8578698577,'vless://b46cb107-47a2-488c-8774-eb4bfaea4868@92.5.117.232:8443?security=reality&type=tcp&headerType=&path=&host=&sni=www.yahoo.com&fp=chrome&pbk=leY68p7x-_67bxRCwgrjvjSQ0h711FpWsHvAfFGTe0s&sid=1688#%E2%98%95%20VPN%20TeaHost%2C%20ub8578698577');
/*!40000 ALTER TABLE `vpn` ENABLE KEYS */;
UNLOCK TABLES;

--
-- Dumping routines for database 'teahost'
--
/*!40103 SET TIME_ZONE=@OLD_TIME_ZONE */;

/*!40101 SET SQL_MODE=@OLD_SQL_MODE */;
/*!40014 SET FOREIGN_KEY_CHECKS=@OLD_FOREIGN_KEY_CHECKS */;
/*!40014 SET UNIQUE_CHECKS=@OLD_UNIQUE_CHECKS */;
/*!40101 SET CHARACTER_SET_CLIENT=@OLD_CHARACTER_SET_CLIENT */;
/*!40101 SET CHARACTER_SET_RESULTS=@OLD_CHARACTER_SET_RESULTS */;
/*!40101 SET COLLATION_CONNECTION=@OLD_COLLATION_CONNECTION */;
/*!40111 SET SQL_NOTES=@OLD_SQL_NOTES */;

-- Dump completed on 2025-12-13 10:30:00
